2026-07-14 09:03:58.587 INFO  [restartedMain] pe.utp.estacionamiento.App - Starting App using Java 25.0.2 with PID 25296 (C:\Users\DREP\Downloads\ESTACIONAMIENTO_INTELIGENTE-integrado\ESTACIONAMIENTO_INTELIGENTE-main\target\classes started by DREP in C:\Users\DREP\Downloads\ESTACIONAMIENTO_INTELIGENTE-integrado\ESTACIONAMIENTO_INTELIGENTE-main)
2026-07-14 09:03:58.591 INFO  [restartedMain] pe.utp.estacionamiento.App - No active profile set, falling back to 1 default profile: "default"
2026-07-14 09:03:58.653 INFO  [restartedMain] o.s.b.d.e.DevToolsPropertyDefaultsPostProcessor - Devtools property defaults active! Set 'spring.devtools.add-properties' to 'false' to disable
2026-07-14 09:03:58.653 INFO  [restartedMain] o.s.b.d.e.DevToolsPropertyDefaultsPostProcessor - For additional web related logging consider setting the 'logging.level.web' property to 'DEBUG'
2026-07-14 09:04:00.157 INFO  [restartedMain] o.s.b.w.embedded.tomcat.TomcatWebServer - Tomcat initialized with port 8080 (http)
2026-07-14 09:04:00.174 INFO  [restartedMain] o.apache.coyote.http11.Http11NioProtocol - Initializing ProtocolHandler ["http-nio-8080"]
2026-07-14 09:04:00.177 INFO  [restartedMain] o.apache.catalina.core.StandardService - Starting service [Tomcat]
2026-07-14 09:04:00.177 INFO  [restartedMain] org.apache.catalina.core.StandardEngine - Starting Servlet engine: [Apache Tomcat/10.1.26]
2026-07-14 09:04:00.230 INFO  [restartedMain] o.a.c.c.C.[Tomcat].[localhost].[/] - Initializing Spring embedded WebApplicationContext
2026-07-14 09:04:00.231 INFO  [restartedMain] o.s.b.w.s.c.ServletWebServerApplicationContext - Root WebApplicationContext: initialization completed in 1576 ms
2026-07-14 09:04:01.994 INFO  [restartedMain] o.s.b.d.a.OptionalLiveReloadServer - LiveReload server is running on port 35729
2026-07-14 09:04:02.030 INFO  [restartedMain] o.s.b.a.e.web.EndpointLinksResolver - Exposing 7 endpoints beneath base path '/actuator'
2026-07-14 09:04:02.186 INFO  [restartedMain] o.apache.coyote.http11.Http11NioProtocol - Starting ProtocolHandler ["http-nio-8080"]
2026-07-14 09:04:02.254 INFO  [restartedMain] o.s.b.w.embedded.tomcat.TomcatWebServer - Tomcat started on port 8080 (http) with context path '/'
2026-07-14 09:04:02.297 INFO  [restartedMain] pe.utp.estacionamiento.App - Started App in 4.309 seconds (process running for 4.789)
2026-07-14 09:04:02.465 INFO  [restartedMain] p.u.e.service.EventoSistemaService - ============================================================
2026-07-14 09:04:02.465 INFO  [restartedMain] p.u.e.service.EventoSistemaService - INICIO DEL SISTEMA DE ESTACIONAMIENTO - [2026-07-14 09:04:02]
2026-07-14 09:04:02.469 INFO  [restartedMain] p.u.e.service.EventoSistemaService - Modulo de Monitoreo: ACTIVO
2026-07-14 09:04:02.469 INFO  [restartedMain] p.u.e.service.EventoSistemaService - Actuator: DISPONIBLE en http://localhost:8080/actuator
2026-07-14 09:04:02.469 INFO  [restartedMain] p.u.e.service.EventoSistemaService - Dashboard: DISPONIBLE en http://localhost:8080/monitoring
2026-07-14 09:04:02.469 INFO  [restartedMain] p.u.e.service.EventoSistemaService - ============================================================
2026-07-14 09:04:16.316 INFO  [http-nio-8080-exec-1] o.a.c.c.C.[Tomcat].[localhost].[/] - Initializing Spring DispatcherServlet 'dispatcherServlet'
2026-07-14 09:04:16.318 INFO  [http-nio-8080-exec-1] o.s.web.servlet.DispatcherServlet - Initializing Servlet 'dispatcherServlet'
2026-07-14 09:04:16.321 INFO  [http-nio-8080-exec-1] o.s.web.servlet.DispatcherServlet - Completed initialization in 3 ms
2026-07-14 09:04:16.442 INFO  [http-nio-8080-exec-1] p.u.e.service.EventoSistemaService - [ADMIN-PANEL] Accion de administrador - accion: consulta_dashboard_monitoreo - timestamp: 2026-07-14 09:04:16
2026-07-14 09:04:16.459 INFO  [http-nio-8080-exec-1] com.zaxxer.hikari.HikariDataSource - HikariPool-1 - Starting...
2026-07-14 09:04:21.875 INFO  [http-nio-8080-exec-1] com.zaxxer.hikari.HikariDataSource - HikariPool-1 - Starting...
2026-07-14 09:04:22.897 INFO  [http-nio-8080-exec-1] com.zaxxer.hikari.HikariDataSource - HikariPool-1 - Starting...
2026-07-14 09:04:23.907 INFO  [http-nio-8080-exec-1] com.zaxxer.hikari.HikariDataSource - HikariPool-1 - Starting...
2026-07-14 09:04:24.920 INFO  [http-nio-8080-exec-1] com.zaxxer.hikari.HikariDataSource - HikariPool-1 - Starting...
2026-07-14 09:04:26.805 ERROR [http-nio-8080-exec-1] org.thymeleaf.TemplateEngine - [THYMELEAF][http-nio-8080-exec-1] Exception processing template "monitoring": An error happened during template parsing (template: "class path resource [templates/monitoring.html]")
org.thymeleaf.exceptions.TemplateInputException: An error happened during template parsing (template: "class path resource [templates/monitoring.html]")
	at org.thymeleaf.templateparser.markup.AbstractMarkupTemplateParser.parse(AbstractMarkupTemplateParser.java:241)
	at org.thymeleaf.templateparser.markup.AbstractMarkupTemplateParser.parseStandalone(AbstractMarkupTemplateParser.java:100)
	at org.thymeleaf.engine.TemplateManager.parseAndProcess(TemplateManager.java:666)
	at org.thymeleaf.TemplateEngine.process(TemplateEngine.java:1103)
	at org.thymeleaf.TemplateEngine.process(TemplateEngine.java:1077)
	at org.thymeleaf.spring6.view.ThymeleafView.renderFragment(ThymeleafView.java:372)
	at org.thymeleaf.spring6.view.ThymeleafView.render(ThymeleafView.java:192)
	at org.springframework.web.servlet.DispatcherServlet.render(DispatcherServlet.java:1431)
	at org.springframework.web.servlet.DispatcherServlet.processDispatchResult(DispatcherServlet.java:1167)
	at org.springframework.web.servlet.DispatcherServlet.doDispatch(DispatcherServlet.java:1106)
	at org.springframework.web.servlet.DispatcherServlet.doService(DispatcherServlet.java:979)
	at org.springframework.web.servlet.FrameworkServlet.processRequest(FrameworkServlet.java:1014)
	at org.springframework.web.servlet.FrameworkServlet.doGet(FrameworkServlet.java:903)
	at jakarta.servlet.http.HttpServlet.service(HttpServlet.java:564)
	at org.springframework.web.servlet.FrameworkServlet.service(FrameworkServlet.java:885)
	at jakarta.servlet.http.HttpServlet.service(HttpServlet.java:658)
	at org.apache.catalina.core.ApplicationFilterChain.internalDoFilter(ApplicationFilterChain.java:195)
	at org.apache.catalina.core.ApplicationFilterChain.doFilter(ApplicationFilterChain.java:140)
	at org.apache.tomcat.websocket.server.WsFilter.doFilter(WsFilter.java:51)
	at org.apache.catalina.core.ApplicationFilterChain.internalDoFilter(ApplicationFilterChain.java:164)
	at org.apache.catalina.core.ApplicationFilterChain.doFilter(ApplicationFilterChain.java:140)
	at pe.utp.estacionamiento.config.RequestLoggingFilter.doFilterInternal(RequestLoggingFilter.java:23)
	at org.springframework.web.filter.OncePerRequestFilter.doFilter(OncePerRequestFilter.java:116)
	at org.apache.catalina.core.ApplicationFilterChain.internalDoFilter(ApplicationFilterChain.java:164)
	at org.apache.catalina.core.ApplicationFilterChain.doFilter(ApplicationFilterChain.java:140)
	at org.springframework.web.filter.RequestContextFilter.doFilterInternal(RequestContextFilter.java:100)
	at org.springframework.web.filter.OncePerRequestFilter.doFilter(OncePerRequestFilter.java:116)
	at org.apache.catalina.core.ApplicationFilterChain.internalDoFilter(ApplicationFilterChain.java:164)
	at org.apache.catalina.core.ApplicationFilterChain.doFilter(ApplicationFilterChain.java:140)
	at org.springframework.web.filter.FormContentFilter.doFilterInternal(FormContentFilter.java:93)
	at org.springframework.web.filter.OncePerRequestFilter.doFilter(OncePerRequestFilter.java:116)
	at org.apache.catalina.core.ApplicationFilterChain.internalDoFilter(ApplicationFilterChain.java:164)
	at org.apache.catalina.core.ApplicationFilterChain.doFilter(ApplicationFilterChain.java:140)
	at org.springframework.web.filter.ServerHttpObservationFilter.doFilterInternal(ServerHttpObservationFilter.java:113)
	at org.springframework.web.filter.OncePerRequestFilter.doFilter(OncePerRequestFilter.java:116)
	at org.apache.catalina.core.ApplicationFilterChain.internalDoFilter(ApplicationFilterChain.java:164)
	at org.apache.catalina.core.ApplicationFilterChain.doFilter(ApplicationFilterChain.java:140)
	at org.springframework.web.filter.CharacterEncodingFilter.doFilterInternal(CharacterEncodingFilter.java:201)
	at org.springframework.web.filter.OncePerRequestFilter.doFilter(OncePerRequestFilter.java:116)
	at org.apache.catalina.core.ApplicationFilterChain.internalDoFilter(ApplicationFilterChain.java:164)
	at org.apache.catalina.core.ApplicationFilterChain.doFilter(ApplicationFilterChain.java:140)
	at org.apache.catalina.core.StandardWrapperValve.invoke(StandardWrapperValve.java:167)
	at org.apache.catalina.core.StandardContextValve.invoke(StandardContextValve.java:90)
	at org.apache.catalina.authenticator.AuthenticatorBase.invoke(AuthenticatorBase.java:483)
	at org.apache.catalina.core.StandardHostValve.invoke(StandardHostValve.java:115)
	at org.apache.catalina.valves.ErrorReportValve.invoke(ErrorReportValve.java:93)
	at org.apache.catalina.core.StandardEngineValve.invoke(StandardEngineValve.java:74)
	at org.apache.catalina.connector.CoyoteAdapter.service(CoyoteAdapter.java:344)
	at org.apache.coyote.http11.Http11Processor.service(Http11Processor.java:389)
	at org.apache.coyote.AbstractProcessorLight.process(AbstractProcessorLight.java:63)
	at org.apache.coyote.AbstractProtocol$ConnectionHandler.process(AbstractProtocol.java:904)
	at org.apache.tomcat.util.net.NioEndpoint$SocketProcessor.doRun(NioEndpoint.java:1741)
	at org.apache.tomcat.util.net.SocketProcessorBase.run(SocketProcessorBase.java:52)
	at org.apache.tomcat.util.threads.ThreadPoolExecutor.runWorker(ThreadPoolExecutor.java:1190)
	at org.apache.tomcat.util.threads.ThreadPoolExecutor$Worker.run(ThreadPoolExecutor.java:659)
	at org.apache.tomcat.util.threads.TaskThread$WrappingRunnable.run(TaskThread.java:63)
	at java.base/java.lang.Thread.run(Thread.java:1474)
Caused by: org.attoparser.ParseException: Could not parse as expression: "${line.contains(' INFO ')} ? 'log-info' : ${line.contains(' WARN ')} ? 'log-warn' : ${line.contains(' ERROR ')} ? 'log-error' : 'log-debug'" (template: "monitoring" - line 424, col 34)
	at org.attoparser.MarkupParser.parseDocument(MarkupParser.java:393)
	at org.attoparser.MarkupParser.parse(MarkupParser.java:257)
	at org.thymeleaf.templateparser.markup.AbstractMarkupTemplateParser.parse(AbstractMarkupTemplateParser.java:230)
	... 56 common frames omitted
Caused by: org.thymeleaf.exceptions.TemplateProcessingException: Could not parse as expression: "${line.contains(' INFO ')} ? 'log-info' : ${line.contains(' WARN ')} ? 'log-warn' : ${line.contains(' ERROR ')} ? 'log-error' : 'log-debug'" (template: "monitoring" - line 424, col 34)
	at org.thymeleaf.standard.expression.StandardExpressionParser.parseExpression(StandardExpressionParser.java:131)
	at org.thymeleaf.standard.expression.StandardExpressionParser.parseExpression(StandardExpressionParser.java:62)
	at org.thymeleaf.standard.expression.StandardExpressionParser.parseExpression(StandardExpressionParser.java:44)
	at org.thymeleaf.engine.EngineEventUtils.parseAttributeExpression(EngineEventUtils.java:220)
	at org.thymeleaf.engine.EngineEventUtils.computeAttributeExpression(EngineEventUtils.java:207)
	at org.thymeleaf.standard.processor.AbstractStandardExpressionAttributeTagProcessor.doProcess(AbstractStandardExpressionAttributeTagProcessor.java:125)
	at org.thymeleaf.processor.element.AbstractAttributeTagProcessor.doProcess(AbstractAttributeTagProcessor.java:74)
	at org.thymeleaf.processor.element.AbstractElementTagProcessor.process(AbstractElementTagProcessor.java:95)
	at org.thymeleaf.util.ProcessorConfigurationUtils$ElementTagProcessorWrapper.process(ProcessorConfigurationUtils.java:633)
	at org.thymeleaf.engine.ProcessorTemplateHandler.handleOpenElement(ProcessorTemplateHandler.java:1314)
	at org.thymeleaf.engine.OpenElementTag.beHandled(OpenElementTag.java:205)
	at org.thymeleaf.engine.Model.process(Model.java:282)
	at org.thymeleaf.engine.Model.process(Model.java:290)
	at org.thymeleaf.engine.IteratedGatheringModelProcessable.processIterationModel(IteratedGatheringModelProcessable.java:368)
	at org.thymeleaf.engine.IteratedGatheringModelProcessable.process(IteratedGatheringModelProcessable.java:222)
	at org.thymeleaf.engine.ProcessorTemplateHandler.handleCloseElement(ProcessorTemplateHandler.java:1640)
	at org.thymeleaf.engine.TemplateHandlerAdapterMarkupHandler.handleCloseElementEnd(TemplateHandlerAdapterMarkupHandler.java:388)
	at org.thymeleaf.templateparser.markup.InlinedOutputExpressionMarkupHandler$InlineMarkupAdapterPreProcessorHandler.handleCloseElementEnd(InlinedOutputExpressionMarkupHandler.java:322)
	at org.thymeleaf.standard.inline.OutputExpressionInlinePreProcessorHandler.handleCloseElementEnd(OutputExpressionInlinePreProcessorHandler.java:220)
	at org.thymeleaf.templateparser.markup.InlinedOutputExpressionMarkupHandler.handleCloseElementEnd(InlinedOutputExpressionMarkupHandler.java:164)
	at org.attoparser.HtmlElement.handleCloseElementEnd(HtmlElement.java:169)
	at org.attoparser.HtmlMarkupHandler.handleCloseElementEnd(HtmlMarkupHandler.java:412)
	at org.attoparser.MarkupEventProcessorHandler.handleCloseElementEnd(MarkupEventProcessorHandler.java:473)
	at org.attoparser.ParsingElementMarkupUtil.parseCloseElement(ParsingElementMarkupUtil.java:201)
	at org.attoparser.MarkupParser.parseBuffer(MarkupParser.java:725)
	at org.attoparser.MarkupParser.parseDocument(MarkupParser.java:301)
	... 58 common frames omitted
2026-07-14 09:04:26.815 INFO  [http-nio-8080-exec-1] p.u.e.config.RequestLoggingFilter - Solicitud atendida metodo=GET path=/ status=200 tiempoMs=10454
2026-07-14 09:04:26.820 ERROR [http-nio-8080-exec-1] o.a.c.c.C.[.[.[/].[dispatcherServlet] - Servlet.service() for servlet [dispatcherServlet] in context with path [] threw exception [Request processing failed: org.thymeleaf.exceptions.TemplateInputException: An error happened during template parsing (template: "class path resource [templates/monitoring.html]")] with root cause
org.thymeleaf.exceptions.TemplateProcessingException: Could not parse as expression: "${line.contains(' INFO ')} ? 'log-info' : ${line.contains(' WARN ')} ? 'log-warn' : ${line.contains(' ERROR ')} ? 'log-error' : 'log-debug'" (template: "monitoring" - line 424, col 34)
	at org.thymeleaf.standard.expression.StandardExpressionParser.parseExpression(StandardExpressionParser.java:131)
	at org.thymeleaf.standard.expression.StandardExpressionParser.parseExpression(StandardExpressionParser.java:62)
	at org.thymeleaf.standard.expression.StandardExpressionParser.parseExpression(StandardExpressionParser.java:44)
	at org.thymeleaf.engine.EngineEventUtils.parseAttributeExpression(EngineEventUtils.java:220)
	at org.thymeleaf.engine.EngineEventUtils.computeAttributeExpression(EngineEventUtils.java:207)
	at org.thymeleaf.standard.processor.AbstractStandardExpressionAttributeTagProcessor.doProcess(AbstractStandardExpressionAttributeTagProcessor.java:125)
	at org.thymeleaf.processor.element.AbstractAttributeTagProcessor.doProcess(AbstractAttributeTagProcessor.java:74)
	at org.thymeleaf.processor.element.AbstractElementTagProcessor.process(AbstractElementTagProcessor.java:95)
	at org.thymeleaf.util.ProcessorConfigurationUtils$ElementTagProcessorWrapper.process(ProcessorConfigurationUtils.java:633)
	at org.thymeleaf.engine.ProcessorTemplateHandler.handleOpenElement(ProcessorTemplateHandler.java:1314)
	at org.thymeleaf.engine.OpenElementTag.beHandled(OpenElementTag.java:205)
	at org.thymeleaf.engine.Model.process(Model.java:282)
	at org.thymeleaf.engine.Model.process(Model.java:290)
	at org.thymeleaf.engine.IteratedGatheringModelProcessable.processIterationModel(IteratedGatheringModelProcessable.java:368)
	at org.thymeleaf.engine.IteratedGatheringModelProcessable.process(IteratedGatheringModelProcessable.java:222)
	at org.thymeleaf.engine.ProcessorTemplateHandler.handleCloseElement(ProcessorTemplateHandler.java:1640)
	at org.thymeleaf.engine.TemplateHandlerAdapterMarkupHandler.handleCloseElementEnd(TemplateHandlerAdapterMarkupHandler.java:388)
	at org.thymeleaf.templateparser.markup.InlinedOutputExpressionMarkupHandler$InlineMarkupAdapterPreProcessorHandler.handleCloseElementEnd(InlinedOutputExpressionMarkupHandler.java:322)
	at org.thymeleaf.standard.inline.OutputExpressionInlinePreProcessorHandler.handleCloseElementEnd(OutputExpressionInlinePreProcessorHandler.java:220)
	at org.thymeleaf.templateparser.markup.InlinedOutputExpressionMarkupHandler.handleCloseElementEnd(InlinedOutputExpressionMarkupHandler.java:164)
	at org.attoparser.HtmlElement.handleCloseElementEnd(HtmlElement.java:169)
	at org.attoparser.HtmlMarkupHandler.handleCloseElementEnd(HtmlMarkupHandler.java:412)
	at org.attoparser.MarkupEventProcessorHandler.handleCloseElementEnd(MarkupEventProcessorHandler.java:473)
	at org.attoparser.ParsingElementMarkupUtil.parseCloseElement(ParsingElementMarkupUtil.java:201)
	at org.attoparser.MarkupParser.parseBuffer(MarkupParser.java:725)
	at org.attoparser.MarkupParser.parseDocument(MarkupParser.java:301)
	at org.attoparser.MarkupParser.parse(MarkupParser.java:257)
	at org.thymeleaf.templateparser.markup.AbstractMarkupTemplateParser.parse(AbstractMarkupTemplateParser.java:230)
	at org.thymeleaf.templateparser.markup.AbstractMarkupTemplateParser.parseStandalone(AbstractMarkupTemplateParser.java:100)
	at org.thymeleaf.engine.TemplateManager.parseAndProcess(TemplateManager.java:666)
	at org.thymeleaf.TemplateEngine.process(TemplateEngine.java:1103)
	at org.thymeleaf.TemplateEngine.process(TemplateEngine.java:1077)
	at org.thymeleaf.spring6.view.ThymeleafView.renderFragment(ThymeleafView.java:372)
	at org.thymeleaf.spring6.view.ThymeleafView.render(ThymeleafView.java:192)
	at org.springframework.web.servlet.DispatcherServlet.render(DispatcherServlet.java:1431)
	at org.springframework.web.servlet.DispatcherServlet.processDispatchResult(DispatcherServlet.java:1167)
	at org.springframework.web.servlet.DispatcherServlet.doDispatch(DispatcherServlet.java:1106)
	at org.springframework.web.servlet.DispatcherServlet.doService(DispatcherServlet.java:979)
	at org.springframework.web.servlet.FrameworkServlet.processRequest(FrameworkServlet.java:1014)
	at org.springframework.web.servlet.FrameworkServlet.doGet(FrameworkServlet.java:903)
	at jakarta.servlet.http.HttpServlet.service(HttpServlet.java:564)
	at org.springframework.web.servlet.FrameworkServlet.service(FrameworkServlet.java:885)
	at jakarta.servlet.http.HttpServlet.service(HttpServlet.java:658)
	at org.apache.catalina.core.ApplicationFilterChain.internalDoFilter(ApplicationFilterChain.java:195)
	at org.apache.catalina.core.ApplicationFilterChain.doFilter(ApplicationFilterChain.java:140)
	at org.apache.tomcat.websocket.server.WsFilter.doFilter(WsFilter.java:51)
	at org.apache.catalina.core.ApplicationFilterChain.internalDoFilter(ApplicationFilterChain.java:164)
	at org.apache.catalina.core.ApplicationFilterChain.doFilter(ApplicationFilterChain.java:140)
	at pe.utp.estacionamiento.config.RequestLoggingFilter.doFilterInternal(RequestLoggingFilter.java:23)
	at org.springframework.web.filter.OncePerRequestFilter.doFilter(OncePerRequestFilter.java:116)
	at org.apache.catalina.core.ApplicationFilterChain.internalDoFilter(ApplicationFilterChain.java:164)
	at org.apache.catalina.core.ApplicationFilterChain.doFilter(ApplicationFilterChain.java:140)
	at org.springframework.web.filter.RequestContextFilter.doFilterInternal(RequestContextFilter.java:100)
	at org.springframework.web.filter.OncePerRequestFilter.doFilter(OncePerRequestFilter.java:116)
	at org.apache.catalina.core.ApplicationFilterChain.internalDoFilter(ApplicationFilterChain.java:164)
	at org.apache.catalina.core.ApplicationFilterChain.doFilter(ApplicationFilterChain.java:140)
	at org.springframework.web.filter.FormContentFilter.doFilterInternal(FormContentFilter.java:93)
	at org.springframework.web.filter.OncePerRequestFilter.doFilter(OncePerRequestFilter.java:116)
	at org.apache.catalina.core.ApplicationFilterChain.internalDoFilter(ApplicationFilterChain.java:164)
	at org.apache.catalina.core.ApplicationFilterChain.doFilter(ApplicationFilterChain.java:140)
	at org.springframework.web.filter.ServerHttpObservationFilter.doFilterInternal(ServerHttpObservationFilter.java:113)
	at org.springframework.web.filter.OncePerRequestFilter.doFilter(OncePerRequestFilter.java:116)
	at org.apache.catalina.core.ApplicationFilterChain.internalDoFilter(ApplicationFilterChain.java:164)
	at org.apache.catalina.core.ApplicationFilterChain.doFilter(ApplicationFilterChain.java:140)
	at org.springframework.web.filter.CharacterEncodingFilter.doFilterInternal(CharacterEncodingFilter.java:201)
	at org.springframework.web.filter.OncePerRequestFilter.doFilter(OncePerRequestFilter.java:116)
	at org.apache.catalina.core.ApplicationFilterChain.internalDoFilter(ApplicationFilterChain.java:164)
	at org.apache.catalina.core.ApplicationFilterChain.doFilter(ApplicationFilterChain.java:140)
	at org.apache.catalina.core.StandardWrapperValve.invoke(StandardWrapperValve.java:167)
	at org.apache.catalina.core.StandardContextValve.invoke(StandardContextValve.java:90)
	at org.apache.catalina.authenticator.AuthenticatorBase.invoke(AuthenticatorBase.java:483)
	at org.apache.catalina.core.StandardHostValve.invoke(StandardHostValve.java:115)
	at org.apache.catalina.valves.ErrorReportValve.invoke(ErrorReportValve.java:93)
	at org.apache.catalina.core.StandardEngineValve.invoke(StandardEngineValve.java:74)
	at org.apache.catalina.connector.CoyoteAdapter.service(CoyoteAdapter.java:344)
	at org.apache.coyote.http11.Http11Processor.service(Http11Processor.java:389)
	at org.apache.coyote.AbstractProcessorLight.process(AbstractProcessorLight.java:63)
	at org.apache.coyote.AbstractProtocol$ConnectionHandler.process(AbstractProtocol.java:904)
	at org.apache.tomcat.util.net.NioEndpoint$SocketProcessor.doRun(NioEndpoint.java:1741)
	at org.apache.tomcat.util.net.SocketProcessorBase.run(SocketProcessorBase.java:52)
	at org.apache.tomcat.util.threads.ThreadPoolExecutor.runWorker(ThreadPoolExecutor.java:1190)
	at org.apache.tomcat.util.threads.ThreadPoolExecutor$Worker.run(ThreadPoolExecutor.java:659)
	at org.apache.tomcat.util.threads.TaskThread$WrappingRunnable.run(TaskThread.java:63)
	at java.base/java.lang.Thread.run(Thread.java:1474)
2026-07-14 09:04:26.867 ERROR [http-nio-8080-exec-1] o.s.b.a.w.s.e.ErrorMvcAutoConfiguration$StaticView - Cannot render error page for request [/] and exception [An error happened during template parsing (template: "class path resource [templates/monitoring.html]")] as the response has already been committed. As a result, the response may have the wrong status code.
2026-07-14 09:05:02.199 INFO  [http-nio-8080-exec-2] p.u.e.service.EventoSistemaService - [ADMIN-PANEL] Accion de administrador - accion: consulta_dashboard_monitoreo - timestamp: 2026-07-14 09:05:02
2026-07-14 09:05:02.200 INFO  [http-nio-8080-exec-2] com.zaxxer.hikari.HikariDataSource - HikariPool-1 - Starting...
2026-07-14 09:05:03.294 INFO  [http-nio-8080-exec-2] com.zaxxer.hikari.HikariDataSource - HikariPool-1 - Starting...
2026-07-14 09:05:04.314 INFO  [http-nio-8080-exec-2] com.zaxxer.hikari.HikariDataSource - HikariPool-1 - Starting...
2026-07-14 09:05:05.324 INFO  [http-nio-8080-exec-2] com.zaxxer.hikari.HikariDataSource - HikariPool-1 - Starting...
2026-07-14 09:05:06.333 INFO  [http-nio-8080-exec-2] com.zaxxer.hikari.HikariDataSource - HikariPool-1 - Starting...
2026-07-14 09:05:07.392 ERROR [http-nio-8080-exec-2] org.thymeleaf.TemplateEngine - [THYMELEAF][http-nio-8080-exec-2] Exception processing template "monitoring": An error happened during template parsing (template: "class path resource [templates/monitoring.html]")
org.thymeleaf.exceptions.TemplateInputException: An error happened during template parsing (template: "class path resource [templates/monitoring.html]")
	at org.thymeleaf.templateparser.markup.AbstractMarkupTemplateParser.parse(AbstractMarkupTemplateParser.java:241)
	at org.thymeleaf.templateparser.markup.AbstractMarkupTemplateParser.parseStandalone(AbstractMarkupTemplateParser.java:100)
	at org.thymeleaf.engine.TemplateManager.parseAndProcess(TemplateManager.java:666)
	at org.thymeleaf.TemplateEngine.process(TemplateEngine.java:1103)
	at org.thymeleaf.TemplateEngine.process(TemplateEngine.java:1077)
	at org.thymeleaf.spring6.view.ThymeleafView.renderFragment(ThymeleafView.java:372)
	at org.thymeleaf.spring6.view.ThymeleafView.render(ThymeleafView.java:192)
	at org.springframework.web.servlet.DispatcherServlet.render(DispatcherServlet.java:1431)
	at org.springframework.web.servlet.DispatcherServlet.processDispatchResult(DispatcherServlet.java:1167)
	at org.springframework.web.servlet.DispatcherServlet.doDispatch(DispatcherServlet.java:1106)
	at org.springframework.web.servlet.DispatcherServlet.doService(DispatcherServlet.java:979)
	at org.springframework.web.servlet.FrameworkServlet.processRequest(FrameworkServlet.java:1014)
	at org.springframework.web.servlet.FrameworkServlet.doGet(FrameworkServlet.java:903)
	at jakarta.servlet.http.HttpServlet.service(HttpServlet.java:564)
	at org.springframework.web.servlet.FrameworkServlet.service(FrameworkServlet.java:885)
	at jakarta.servlet.http.HttpServlet.service(HttpServlet.java:658)
	at org.apache.catalina.core.ApplicationFilterChain.internalDoFilter(ApplicationFilterChain.java:195)
	at org.apache.catalina.core.ApplicationFilterChain.doFilter(ApplicationFilterChain.java:140)
	at org.apache.tomcat.websocket.server.WsFilter.doFilter(WsFilter.java:51)
	at org.apache.catalina.core.ApplicationFilterChain.internalDoFilter(ApplicationFilterChain.java:164)
	at org.apache.catalina.core.ApplicationFilterChain.doFilter(ApplicationFilterChain.java:140)
	at pe.utp.estacionamiento.config.RequestLoggingFilter.doFilterInternal(RequestLoggingFilter.java:23)
	at org.springframework.web.filter.OncePerRequestFilter.doFilter(OncePerRequestFilter.java:116)
	at org.apache.catalina.core.ApplicationFilterChain.internalDoFilter(ApplicationFilterChain.java:164)
	at org.apache.catalina.core.ApplicationFilterChain.doFilter(ApplicationFilterChain.java:140)
	at org.springframework.web.filter.RequestContextFilter.doFilterInternal(RequestContextFilter.java:100)
	at org.springframework.web.filter.OncePerRequestFilter.doFilter(OncePerRequestFilter.java:116)
	at org.apache.catalina.core.ApplicationFilterChain.internalDoFilter(ApplicationFilterChain.java:164)
	at org.apache.catalina.core.ApplicationFilterChain.doFilter(ApplicationFilterChain.java:140)
	at org.springframework.web.filter.FormContentFilter.doFilterInternal(FormContentFilter.java:93)
	at org.springframework.web.filter.OncePerRequestFilter.doFilter(OncePerRequestFilter.java:116)
	at org.apache.catalina.core.ApplicationFilterChain.internalDoFilter(ApplicationFilterChain.java:164)
	at org.apache.catalina.core.ApplicationFilterChain.doFilter(ApplicationFilterChain.java:140)
	at org.springframework.web.filter.ServerHttpObservationFilter.doFilterInternal(ServerHttpObservationFilter.java:113)
	at org.springframework.web.filter.OncePerRequestFilter.doFilter(OncePerRequestFilter.java:116)
	at org.apache.catalina.core.ApplicationFilterChain.internalDoFilter(ApplicationFilterChain.java:164)
	at org.apache.catalina.core.ApplicationFilterChain.doFilter(ApplicationFilterChain.java:140)
	at org.springframework.web.filter.CharacterEncodingFilter.doFilterInternal(CharacterEncodingFilter.java:201)
	at org.springframework.web.filter.OncePerRequestFilter.doFilter(OncePerRequestFilter.java:116)
	at org.apache.catalina.core.ApplicationFilterChain.internalDoFilter(ApplicationFilterChain.java:164)
	at org.apache.catalina.core.ApplicationFilterChain.doFilter(ApplicationFilterChain.java:140)
	at org.apache.catalina.core.StandardWrapperValve.invoke(StandardWrapperValve.java:167)
	at org.apache.catalina.core.StandardContextValve.invoke(StandardContextValve.java:90)
	at org.apache.catalina.authenticator.AuthenticatorBase.invoke(AuthenticatorBase.java:483)
	at org.apache.catalina.core.StandardHostValve.invoke(StandardHostValve.java:115)
	at org.apache.catalina.valves.ErrorReportValve.invoke(ErrorReportValve.java:93)
	at org.apache.catalina.core.StandardEngineValve.invoke(StandardEngineValve.java:74)
	at org.apache.catalina.connector.CoyoteAdapter.service(CoyoteAdapter.java:344)
	at org.apache.coyote.http11.Http11Processor.service(Http11Processor.java:389)
	at org.apache.coyote.AbstractProcessorLight.process(AbstractProcessorLight.java:63)
	at org.apache.coyote.AbstractProtocol$ConnectionHandler.process(AbstractProtocol.java:904)
	at org.apache.tomcat.util.net.NioEndpoint$SocketProcessor.doRun(NioEndpoint.java:1741)
	at org.apache.tomcat.util.net.SocketProcessorBase.run(SocketProcessorBase.java:52)
	at org.apache.tomcat.util.threads.ThreadPoolExecutor.runWorker(ThreadPoolExecutor.java:1190)
	at org.apache.tomcat.util.threads.ThreadPoolExecutor$Worker.run(ThreadPoolExecutor.java:659)
	at org.apache.tomcat.util.threads.TaskThread$WrappingRunnable.run(TaskThread.java:63)
	at java.base/java.lang.Thread.run(Thread.java:1474)
Caused by: org.attoparser.ParseException: Could not parse as expression: "${line.contains(' INFO ')} ? 'log-info' : ${line.contains(' WARN ')} ? 'log-warn' : ${line.contains(' ERROR ')} ? 'log-error' : 'log-debug'" (template: "monitoring" - line 424, col 34)
	at org.attoparser.MarkupParser.parseDocument(MarkupParser.java:393)
	at org.attoparser.MarkupParser.parse(MarkupParser.java:257)
	at org.thymeleaf.templateparser.markup.AbstractMarkupTemplateParser.parse(AbstractMarkupTemplateParser.java:230)
	... 56 common frames omitted
Caused by: org.thymeleaf.exceptions.TemplateProcessingException: Could not parse as expression: "${line.contains(' INFO ')} ? 'log-info' : ${line.contains(' WARN ')} ? 'log-warn' : ${line.contains(' ERROR ')} ? 'log-error' : 'log-debug'" (template: "monitoring" - line 424, col 34)
	at org.thymeleaf.standard.expression.StandardExpressionParser.parseExpression(StandardExpressionParser.java:131)
	at org.thymeleaf.standard.expression.StandardExpressionParser.parseExpression(StandardExpressionParser.java:62)
	at org.thymeleaf.standard.expression.StandardExpressionParser.parseExpression(StandardExpressionParser.java:44)
	at org.thymeleaf.engine.EngineEventUtils.parseAttributeExpression(EngineEventUtils.java:220)
	at org.thymeleaf.engine.EngineEventUtils.computeAttributeExpression(EngineEventUtils.java:207)
	at org.thymeleaf.standard.processor.AbstractStandardExpressionAttributeTagProcessor.doProcess(AbstractStandardExpressionAttributeTagProcessor.java:125)
	at org.thymeleaf.processor.element.AbstractAttributeTagProcessor.doProcess(AbstractAttributeTagProcessor.java:74)
	at org.thymeleaf.processor.element.AbstractElementTagProcessor.process(AbstractElementTagProcessor.java:95)
	at org.thymeleaf.util.ProcessorConfigurationUtils$ElementTagProcessorWrapper.process(ProcessorConfigurationUtils.java:633)
	at org.thymeleaf.engine.ProcessorTemplateHandler.handleOpenElement(ProcessorTemplateHandler.java:1314)
	at org.thymeleaf.engine.OpenElementTag.beHandled(OpenElementTag.java:205)
	at org.thymeleaf.engine.Model.process(Model.java:282)
	at org.thymeleaf.engine.Model.process(Model.java:290)
	at org.thymeleaf.engine.IteratedGatheringModelProcessable.processIterationModel(IteratedGatheringModelProcessable.java:368)
	at org.thymeleaf.engine.IteratedGatheringModelProcessable.process(IteratedGatheringModelProcessable.java:222)
	at org.thymeleaf.engine.ProcessorTemplateHandler.handleCloseElement(ProcessorTemplateHandler.java:1640)
	at org.thymeleaf.engine.TemplateHandlerAdapterMarkupHandler.handleCloseElementEnd(TemplateHandlerAdapterMarkupHandler.java:388)
	at org.thymeleaf.templateparser.markup.InlinedOutputExpressionMarkupHandler$InlineMarkupAdapterPreProcessorHandler.handleCloseElementEnd(InlinedOutputExpressionMarkupHandler.java:322)
	at org.thymeleaf.standard.inline.OutputExpressionInlinePreProcessorHandler.handleCloseElementEnd(OutputExpressionInlinePreProcessorHandler.java:220)
	at org.thymeleaf.templateparser.markup.InlinedOutputExpressionMarkupHandler.handleCloseElementEnd(InlinedOutputExpressionMarkupHandler.java:164)
	at org.attoparser.HtmlElement.handleCloseElementEnd(HtmlElement.java:169)
	at org.attoparser.HtmlMarkupHandler.handleCloseElementEnd(HtmlMarkupHandler.java:412)
	at org.attoparser.MarkupEventProcessorHandler.handleCloseElementEnd(MarkupEventProcessorHandler.java:473)
	at org.attoparser.ParsingElementMarkupUtil.parseCloseElement(ParsingElementMarkupUtil.java:201)
	at org.attoparser.MarkupParser.parseBuffer(MarkupParser.java:725)
	at org.attoparser.MarkupParser.parseDocument(MarkupParser.java:301)
	... 58 common frames omitted
2026-07-14 09:05:07.395 INFO  [http-nio-8080-exec-2] p.u.e.config.RequestLoggingFilter - Solicitud atendida metodo=GET path=/ status=200 tiempoMs=5198
2026-07-14 09:05:07.396 ERROR [http-nio-8080-exec-2] o.a.c.c.C.[.[.[/].[dispatcherServlet] - Servlet.service() for servlet [dispatcherServlet] in context with path [] threw exception [Request processing failed: org.thymeleaf.exceptions.TemplateInputException: An error happened during template parsing (template: "class path resource [templates/monitoring.html]")] with root cause
org.thymeleaf.exceptions.TemplateProcessingException: Could not parse as expression: "${line.contains(' INFO ')} ? 'log-info' : ${line.contains(' WARN ')} ? 'log-warn' : ${line.contains(' ERROR ')} ? 'log-error' : 'log-debug'" (template: "monitoring" - line 424, col 34)
	at org.thymeleaf.standard.expression.StandardExpressionParser.parseExpression(StandardExpressionParser.java:131)
	at org.thymeleaf.standard.expression.StandardExpressionParser.parseExpression(StandardExpressionParser.java:62)
	at org.thymeleaf.standard.expression.StandardExpressionParser.parseExpression(StandardExpressionParser.java:44)
	at org.thymeleaf.engine.EngineEventUtils.parseAttributeExpression(EngineEventUtils.java:220)
	at org.thymeleaf.engine.EngineEventUtils.computeAttributeExpression(EngineEventUtils.java:207)
	at org.thymeleaf.standard.processor.AbstractStandardExpressionAttributeTagProcessor.doProcess(AbstractStandardExpressionAttributeTagProcessor.java:125)
	at org.thymeleaf.processor.element.AbstractAttributeTagProcessor.doProcess(AbstractAttributeTagProcessor.java:74)
	at org.thymeleaf.processor.element.AbstractElementTagProcessor.process(AbstractElementTagProcessor.java:95)
	at org.thymeleaf.util.ProcessorConfigurationUtils$ElementTagProcessorWrapper.process(ProcessorConfigurationUtils.java:633)
	at org.thymeleaf.engine.ProcessorTemplateHandler.handleOpenElement(ProcessorTemplateHandler.java:1314)
	at org.thymeleaf.engine.OpenElementTag.beHandled(OpenElementTag.java:205)
	at org.thymeleaf.engine.Model.process(Model.java:282)
	at org.thymeleaf.engine.Model.process(Model.java:290)
	at org.thymeleaf.engine.IteratedGatheringModelProcessable.processIterationModel(IteratedGatheringModelProcessable.java:368)
	at org.thymeleaf.engine.IteratedGatheringModelProcessable.process(IteratedGatheringModelProcessable.java:222)
	at org.thymeleaf.engine.ProcessorTemplateHandler.handleCloseElement(ProcessorTemplateHandler.java:1640)
	at org.thymeleaf.engine.TemplateHandlerAdapterMarkupHandler.handleCloseElementEnd(TemplateHandlerAdapterMarkupHandler.java:388)
	at org.thymeleaf.templateparser.markup.InlinedOutputExpressionMarkupHandler$InlineMarkupAdapterPreProcessorHandler.handleCloseElementEnd(InlinedOutputExpressionMarkupHandler.java:322)
	at org.thymeleaf.standard.inline.OutputExpressionInlinePreProcessorHandler.handleCloseElementEnd(OutputExpressionInlinePreProcessorHandler.java:220)
	at org.thymeleaf.templateparser.markup.InlinedOutputExpressionMarkupHandler.handleCloseElementEnd(InlinedOutputExpressionMarkupHandler.java:164)
	at org.attoparser.HtmlElement.handleCloseElementEnd(HtmlElement.java:169)
	at org.attoparser.HtmlMarkupHandler.handleCloseElementEnd(HtmlMarkupHandler.java:412)
	at org.attoparser.MarkupEventProcessorHandler.handleCloseElementEnd(MarkupEventProcessorHandler.java:473)
	at org.attoparser.ParsingElementMarkupUtil.parseCloseElement(ParsingElementMarkupUtil.java:201)
	at org.attoparser.MarkupParser.parseBuffer(MarkupParser.java:725)
	at org.attoparser.MarkupParser.parseDocument(MarkupParser.java:301)
	at org.attoparser.MarkupParser.parse(MarkupParser.java:257)
	at org.thymeleaf.templateparser.markup.AbstractMarkupTemplateParser.parse(AbstractMarkupTemplateParser.java:230)
	at org.thymeleaf.templateparser.markup.AbstractMarkupTemplateParser.parseStandalone(AbstractMarkupTemplateParser.java:100)
	at org.thymeleaf.engine.TemplateManager.parseAndProcess(TemplateManager.java:666)
	at org.thymeleaf.TemplateEngine.process(TemplateEngine.java:1103)
	at org.thymeleaf.TemplateEngine.process(TemplateEngine.java:1077)
	at org.thymeleaf.spring6.view.ThymeleafView.renderFragment(ThymeleafView.java:372)
	at org.thymeleaf.spring6.view.ThymeleafView.render(ThymeleafView.java:192)
	at org.springframework.web.servlet.DispatcherServlet.render(DispatcherServlet.java:1431)
	at org.springframework.web.servlet.DispatcherServlet.processDispatchResult(DispatcherServlet.java:1167)
	at org.springframework.web.servlet.DispatcherServlet.doDispatch(DispatcherServlet.java:1106)
	at org.springframework.web.servlet.DispatcherServlet.doService(DispatcherServlet.java:979)
	at org.springframework.web.servlet.FrameworkServlet.processRequest(FrameworkServlet.java:1014)
	at org.springframework.web.servlet.FrameworkServlet.doGet(FrameworkServlet.java:903)
	at jakarta.servlet.http.HttpServlet.service(HttpServlet.java:564)
	at org.springframework.web.servlet.FrameworkServlet.service(FrameworkServlet.java:885)
	at jakarta.servlet.http.HttpServlet.service(HttpServlet.java:658)
	at org.apache.catalina.core.ApplicationFilterChain.internalDoFilter(ApplicationFilterChain.java:195)
	at org.apache.catalina.core.ApplicationFilterChain.doFilter(ApplicationFilterChain.java:140)
	at org.apache.tomcat.websocket.server.WsFilter.doFilter(WsFilter.java:51)
	at org.apache.catalina.core.ApplicationFilterChain.internalDoFilter(ApplicationFilterChain.java:164)
	at org.apache.catalina.core.ApplicationFilterChain.doFilter(ApplicationFilterChain.java:140)
	at pe.utp.estacionamiento.config.RequestLoggingFilter.doFilterInternal(RequestLoggingFilter.java:23)
	at org.springframework.web.filter.OncePerRequestFilter.doFilter(OncePerRequestFilter.java:116)
	at org.apache.catalina.core.ApplicationFilterChain.internalDoFilter(ApplicationFilterChain.java:164)
	at org.apache.catalina.core.ApplicationFilterChain.doFilter(ApplicationFilterChain.java:140)
	at org.springframework.web.filter.RequestContextFilter.doFilterInternal(RequestContextFilter.java:100)
	at org.springframework.web.filter.OncePerRequestFilter.doFilter(OncePerRequestFilter.java:116)
	at org.apache.catalina.core.ApplicationFilterChain.internalDoFilter(ApplicationFilterChain.java:164)
	at org.apache.catalina.core.ApplicationFilterChain.doFilter(ApplicationFilterChain.java:140)
	at org.springframework.web.filter.FormContentFilter.doFilterInternal(FormContentFilter.java:93)
	at org.springframework.web.filter.OncePerRequestFilter.doFilter(OncePerRequestFilter.java:116)
	at org.apache.catalina.core.ApplicationFilterChain.internalDoFilter(ApplicationFilterChain.java:164)
	at org.apache.catalina.core.ApplicationFilterChain.doFilter(ApplicationFilterChain.java:140)
	at org.springframework.web.filter.ServerHttpObservationFilter.doFilterInternal(ServerHttpObservationFilter.java:113)
	at org.springframework.web.filter.OncePerRequestFilter.doFilter(OncePerRequestFilter.java:116)
	at org.apache.catalina.core.ApplicationFilterChain.internalDoFilter(ApplicationFilterChain.java:164)
	at org.apache.catalina.core.ApplicationFilterChain.doFilter(ApplicationFilterChain.java:140)
	at org.springframework.web.filter.CharacterEncodingFilter.doFilterInternal(CharacterEncodingFilter.java:201)
	at org.springframework.web.filter.OncePerRequestFilter.doFilter(OncePerRequestFilter.java:116)
	at org.apache.catalina.core.ApplicationFilterChain.internalDoFilter(ApplicationFilterChain.java:164)
	at org.apache.catalina.core.ApplicationFilterChain.doFilter(ApplicationFilterChain.java:140)
	at org.apache.catalina.core.StandardWrapperValve.invoke(StandardWrapperValve.java:167)
	at org.apache.catalina.core.StandardContextValve.invoke(StandardContextValve.java:90)
	at org.apache.catalina.authenticator.AuthenticatorBase.invoke(AuthenticatorBase.java:483)
	at org.apache.catalina.core.StandardHostValve.invoke(StandardHostValve.java:115)
	at org.apache.catalina.valves.ErrorReportValve.invoke(ErrorReportValve.java:93)
	at org.apache.catalina.core.StandardEngineValve.invoke(StandardEngineValve.java:74)
	at org.apache.catalina.connector.CoyoteAdapter.service(CoyoteAdapter.java:344)
	at org.apache.coyote.http11.Http11Processor.service(Http11Processor.java:389)
	at org.apache.coyote.AbstractProcessorLight.process(AbstractProcessorLight.java:63)
	at org.apache.coyote.AbstractProtocol$ConnectionHandler.process(AbstractProtocol.java:904)
	at org.apache.tomcat.util.net.NioEndpoint$SocketProcessor.doRun(NioEndpoint.java:1741)
	at org.apache.tomcat.util.net.SocketProcessorBase.run(SocketProcessorBase.java:52)
	at org.apache.tomcat.util.threads.ThreadPoolExecutor.runWorker(ThreadPoolExecutor.java:1190)
	at org.apache.tomcat.util.threads.ThreadPoolExecutor$Worker.run(ThreadPoolExecutor.java:659)
	at org.apache.tomcat.util.threads.TaskThread$WrappingRunnable.run(TaskThread.java:63)
	at java.base/java.lang.Thread.run(Thread.java:1474)
2026-07-14 09:05:07.415 ERROR [http-nio-8080-exec-2] o.s.b.a.w.s.e.ErrorMvcAutoConfiguration$StaticView - Cannot render error page for request [/] and exception [An error happened during template parsing (template: "class path resource [templates/monitoring.html]")] as the response has already been committed. As a result, the response may have the wrong status code.
2026-07-14 09:11:25.289 INFO  [restartedMain] pe.utp.estacionamiento.App - Starting App using Java 25.0.2 with PID 16816 (C:\Users\DREP\Downloads\ESTACIONAMIENTO_INTELIGENTE-integrado\ESTACIONAMIENTO_INTELIGENTE-main\target\classes started by DREP in C:\Users\DREP\Downloads\ESTACIONAMIENTO_INTELIGENTE-integrado\ESTACIONAMIENTO_INTELIGENTE-main)
2026-07-14 09:11:25.291 INFO  [restartedMain] pe.utp.estacionamiento.App - No active profile set, falling back to 1 default profile: "default"
2026-07-14 09:11:25.347 INFO  [restartedMain] o.s.b.d.e.DevToolsPropertyDefaultsPostProcessor - Devtools property defaults active! Set 'spring.devtools.add-properties' to 'false' to disable
2026-07-14 09:11:25.348 INFO  [restartedMain] o.s.b.d.e.DevToolsPropertyDefaultsPostProcessor - For additional web related logging consider setting the 'logging.level.web' property to 'DEBUG'
2026-07-14 09:11:26.834 INFO  [restartedMain] o.s.b.w.embedded.tomcat.TomcatWebServer - Tomcat initialized with port 8080 (http)
2026-07-14 09:11:26.851 INFO  [restartedMain] o.apache.coyote.http11.Http11NioProtocol - Initializing ProtocolHandler ["http-nio-8080"]
2026-07-14 09:11:26.854 INFO  [restartedMain] o.apache.catalina.core.StandardService - Starting service [Tomcat]
2026-07-14 09:11:26.856 INFO  [restartedMain] org.apache.catalina.core.StandardEngine - Starting Servlet engine: [Apache Tomcat/10.1.26]
2026-07-14 09:11:26.904 INFO  [restartedMain] o.a.c.c.C.[Tomcat].[localhost].[/] - Initializing Spring embedded WebApplicationContext
2026-07-14 09:11:26.905 INFO  [restartedMain] o.s.b.w.s.c.ServletWebServerApplicationContext - Root WebApplicationContext: initialization completed in 1556 ms
2026-07-14 09:11:27.706 INFO  [restartedMain] o.s.b.d.a.OptionalLiveReloadServer - LiveReload server is running on port 35729
2026-07-14 09:11:27.722 INFO  [restartedMain] o.s.b.a.e.web.EndpointLinksResolver - Exposing 7 endpoints beneath base path '/actuator'
2026-07-14 09:11:27.779 INFO  [restartedMain] o.apache.coyote.http11.Http11NioProtocol - Starting ProtocolHandler ["http-nio-8080"]
2026-07-14 09:11:27.806 INFO  [restartedMain] o.s.b.w.embedded.tomcat.TomcatWebServer - Tomcat started on port 8080 (http) with context path '/'
2026-07-14 09:11:27.820 INFO  [restartedMain] pe.utp.estacionamiento.App - Started App in 3.136 seconds (process running for 3.626)
2026-07-14 09:11:27.918 INFO  [restartedMain] p.u.e.service.EventoSistemaService - ============================================================
2026-07-14 09:11:27.919 INFO  [restartedMain] p.u.e.service.EventoSistemaService - INICIO DEL SISTEMA DE ESTACIONAMIENTO - [2026-07-14 09:11:27]
2026-07-14 09:11:27.921 INFO  [restartedMain] p.u.e.service.EventoSistemaService - Modulo de Monitoreo: ACTIVO
2026-07-14 09:11:27.922 INFO  [restartedMain] p.u.e.service.EventoSistemaService - Actuator: DISPONIBLE en http://localhost:8080/actuator
2026-07-14 09:11:27.922 INFO  [restartedMain] p.u.e.service.EventoSistemaService - Dashboard: DISPONIBLE en http://localhost:8080/monitoring
2026-07-14 09:11:27.923 INFO  [restartedMain] p.u.e.service.EventoSistemaService - ============================================================
2026-07-14 09:11:33.274 INFO  [http-nio-8080-exec-3] o.a.c.c.C.[Tomcat].[localhost].[/] - Initializing Spring DispatcherServlet 'dispatcherServlet'
2026-07-14 09:11:33.274 INFO  [http-nio-8080-exec-3] o.s.web.servlet.DispatcherServlet - Initializing Servlet 'dispatcherServlet'
2026-07-14 09:11:33.278 INFO  [http-nio-8080-exec-3] o.s.web.servlet.DispatcherServlet - Completed initialization in 3 ms
2026-07-14 09:11:33.381 INFO  [http-nio-8080-exec-3] p.u.e.service.EventoSistemaService - [ADMIN-PANEL] Accion de administrador - accion: consulta_dashboard_monitoreo - timestamp: 2026-07-14 09:11:33
2026-07-14 09:11:33.400 INFO  [http-nio-8080-exec-3] com.zaxxer.hikari.HikariDataSource - HikariPool-1 - Starting...
2026-07-14 09:11:39.024 INFO  [http-nio-8080-exec-3] com.zaxxer.hikari.HikariDataSource - HikariPool-1 - Starting...
2026-07-14 09:11:40.043 INFO  [http-nio-8080-exec-3] com.zaxxer.hikari.HikariDataSource - HikariPool-1 - Starting...
2026-07-14 09:11:41.056 INFO  [http-nio-8080-exec-3] com.zaxxer.hikari.HikariDataSource - HikariPool-1 - Starting...
2026-07-14 09:11:42.067 INFO  [http-nio-8080-exec-3] com.zaxxer.hikari.HikariDataSource - HikariPool-1 - Starting...
2026-07-14 09:11:43.846 ERROR [http-nio-8080-exec-3] org.thymeleaf.TemplateEngine - [THYMELEAF][http-nio-8080-exec-3] Exception processing template "monitoring": An error happened during template parsing (template: "class path resource [templates/monitoring.html]")
org.thymeleaf.exceptions.TemplateInputException: An error happened during template parsing (template: "class path resource [templates/monitoring.html]")
	at org.thymeleaf.templateparser.markup.AbstractMarkupTemplateParser.parse(AbstractMarkupTemplateParser.java:241)
	at org.thymeleaf.templateparser.markup.AbstractMarkupTemplateParser.parseStandalone(AbstractMarkupTemplateParser.java:100)
	at org.thymeleaf.engine.TemplateManager.parseAndProcess(TemplateManager.java:666)
	at org.thymeleaf.TemplateEngine.process(TemplateEngine.java:1103)
	at org.thymeleaf.TemplateEngine.process(TemplateEngine.java:1077)
	at org.thymeleaf.spring6.view.ThymeleafView.renderFragment(ThymeleafView.java:372)
	at org.thymeleaf.spring6.view.ThymeleafView.render(ThymeleafView.java:192)
	at org.springframework.web.servlet.DispatcherServlet.render(DispatcherServlet.java:1431)
	at org.springframework.web.servlet.DispatcherServlet.processDispatchResult(DispatcherServlet.java:1167)
	at org.springframework.web.servlet.DispatcherServlet.doDispatch(DispatcherServlet.java:1106)
	at org.springframework.web.servlet.DispatcherServlet.doService(DispatcherServlet.java:979)
	at org.springframework.web.servlet.FrameworkServlet.processRequest(FrameworkServlet.java:1014)
	at org.springframework.web.servlet.FrameworkServlet.doGet(FrameworkServlet.java:903)
	at jakarta.servlet.http.HttpServlet.service(HttpServlet.java:564)
	at org.springframework.web.servlet.FrameworkServlet.service(FrameworkServlet.java:885)
	at jakarta.servlet.http.HttpServlet.service(HttpServlet.java:658)
	at org.apache.catalina.core.ApplicationFilterChain.internalDoFilter(ApplicationFilterChain.java:195)
	at org.apache.catalina.core.ApplicationFilterChain.doFilter(ApplicationFilterChain.java:140)
	at org.apache.tomcat.websocket.server.WsFilter.doFilter(WsFilter.java:51)
	at org.apache.catalina.core.ApplicationFilterChain.internalDoFilter(ApplicationFilterChain.java:164)
	at org.apache.catalina.core.ApplicationFilterChain.doFilter(ApplicationFilterChain.java:140)
	at pe.utp.estacionamiento.config.RequestLoggingFilter.doFilterInternal(RequestLoggingFilter.java:23)
	at org.springframework.web.filter.OncePerRequestFilter.doFilter(OncePerRequestFilter.java:116)
	at org.apache.catalina.core.ApplicationFilterChain.internalDoFilter(ApplicationFilterChain.java:164)
	at org.apache.catalina.core.ApplicationFilterChain.doFilter(ApplicationFilterChain.java:140)
	at org.springframework.web.filter.RequestContextFilter.doFilterInternal(RequestContextFilter.java:100)
	at org.springframework.web.filter.OncePerRequestFilter.doFilter(OncePerRequestFilter.java:116)
	at org.apache.catalina.core.ApplicationFilterChain.internalDoFilter(ApplicationFilterChain.java:164)
	at org.apache.catalina.core.ApplicationFilterChain.doFilter(ApplicationFilterChain.java:140)
	at org.springframework.web.filter.FormContentFilter.doFilterInternal(FormContentFilter.java:93)
	at org.springframework.web.filter.OncePerRequestFilter.doFilter(OncePerRequestFilter.java:116)
	at org.apache.catalina.core.ApplicationFilterChain.internalDoFilter(ApplicationFilterChain.java:164)
	at org.apache.catalina.core.ApplicationFilterChain.doFilter(ApplicationFilterChain.java:140)
	at org.springframework.web.filter.ServerHttpObservationFilter.doFilterInternal(ServerHttpObservationFilter.java:113)
	at org.springframework.web.filter.OncePerRequestFilter.doFilter(OncePerRequestFilter.java:116)
	at org.apache.catalina.core.ApplicationFilterChain.internalDoFilter(ApplicationFilterChain.java:164)
	at org.apache.catalina.core.ApplicationFilterChain.doFilter(ApplicationFilterChain.java:140)
	at org.springframework.web.filter.CharacterEncodingFilter.doFilterInternal(CharacterEncodingFilter.java:201)
	at org.springframework.web.filter.OncePerRequestFilter.doFilter(OncePerRequestFilter.java:116)
	at org.apache.catalina.core.ApplicationFilterChain.internalDoFilter(ApplicationFilterChain.java:164)
	at org.apache.catalina.core.ApplicationFilterChain.doFilter(ApplicationFilterChain.java:140)
	at org.apache.catalina.core.StandardWrapperValve.invoke(StandardWrapperValve.java:167)
	at org.apache.catalina.core.StandardContextValve.invoke(StandardContextValve.java:90)
	at org.apache.catalina.authenticator.AuthenticatorBase.invoke(AuthenticatorBase.java:483)
	at org.apache.catalina.core.StandardHostValve.invoke(StandardHostValve.java:115)
	at org.apache.catalina.valves.ErrorReportValve.invoke(ErrorReportValve.java:93)
	at org.apache.catalina.core.StandardEngineValve.invoke(StandardEngineValve.java:74)
	at org.apache.catalina.connector.CoyoteAdapter.service(CoyoteAdapter.java:344)
	at org.apache.coyote.http11.Http11Processor.service(Http11Processor.java:389)
	at org.apache.coyote.AbstractProcessorLight.process(AbstractProcessorLight.java:63)
	at org.apache.coyote.AbstractProtocol$ConnectionHandler.process(AbstractProtocol.java:904)
	at org.apache.tomcat.util.net.NioEndpoint$SocketProcessor.doRun(NioEndpoint.java:1741)
	at org.apache.tomcat.util.net.SocketProcessorBase.run(SocketProcessorBase.java:52)
	at org.apache.tomcat.util.threads.ThreadPoolExecutor.runWorker(ThreadPoolExecutor.java:1190)
	at org.apache.tomcat.util.threads.ThreadPoolExecutor$Worker.run(ThreadPoolExecutor.java:659)
	at org.apache.tomcat.util.threads.TaskThread$WrappingRunnable.run(TaskThread.java:63)
	at java.base/java.lang.Thread.run(Thread.java:1474)
Caused by: org.attoparser.ParseException: Could not parse as expression: "${line.contains(' INFO ')} ? 'log-info' : ${line.contains(' WARN ')} ? 'log-warn' : ${line.contains(' ERROR ')} ? 'log-error' : 'log-debug'" (template: "monitoring" - line 424, col 34)
	at org.attoparser.MarkupParser.parseDocument(MarkupParser.java:393)
	at org.attoparser.MarkupParser.parse(MarkupParser.java:257)
	at org.thymeleaf.templateparser.markup.AbstractMarkupTemplateParser.parse(AbstractMarkupTemplateParser.java:230)
	... 56 common frames omitted
Caused by: org.thymeleaf.exceptions.TemplateProcessingException: Could not parse as expression: "${line.contains(' INFO ')} ? 'log-info' : ${line.contains(' WARN ')} ? 'log-warn' : ${line.contains(' ERROR ')} ? 'log-error' : 'log-debug'" (template: "monitoring" - line 424, col 34)
	at org.thymeleaf.standard.expression.StandardExpressionParser.parseExpression(StandardExpressionParser.java:131)
	at org.thymeleaf.standard.expression.StandardExpressionParser.parseExpression(StandardExpressionParser.java:62)
	at org.thymeleaf.standard.expression.StandardExpressionParser.parseExpression(StandardExpressionParser.java:44)
	at org.thymeleaf.engine.EngineEventUtils.parseAttributeExpression(EngineEventUtils.java:220)
	at org.thymeleaf.engine.EngineEventUtils.computeAttributeExpression(EngineEventUtils.java:207)
	at org.thymeleaf.standard.processor.AbstractStandardExpressionAttributeTagProcessor.doProcess(AbstractStandardExpressionAttributeTagProcessor.java:125)
	at org.thymeleaf.processor.element.AbstractAttributeTagProcessor.doProcess(AbstractAttributeTagProcessor.java:74)
	at org.thymeleaf.processor.element.AbstractElementTagProcessor.process(AbstractElementTagProcessor.java:95)
	at org.thymeleaf.util.ProcessorConfigurationUtils$ElementTagProcessorWrapper.process(ProcessorConfigurationUtils.java:633)
	at org.thymeleaf.engine.ProcessorTemplateHandler.handleOpenElement(ProcessorTemplateHandler.java:1314)
	at org.thymeleaf.engine.OpenElementTag.beHandled(OpenElementTag.java:205)
	at org.thymeleaf.engine.Model.process(Model.java:282)
	at org.thymeleaf.engine.Model.process(Model.java:290)
	at org.thymeleaf.engine.IteratedGatheringModelProcessable.processIterationModel(IteratedGatheringModelProcessable.java:368)
	at org.thymeleaf.engine.IteratedGatheringModelProcessable.process(IteratedGatheringModelProcessable.java:222)
	at org.thymeleaf.engine.ProcessorTemplateHandler.handleCloseElement(ProcessorTemplateHandler.java:1640)
	at org.thymeleaf.engine.TemplateHandlerAdapterMarkupHandler.handleCloseElementEnd(TemplateHandlerAdapterMarkupHandler.java:388)
	at org.thymeleaf.templateparser.markup.InlinedOutputExpressionMarkupHandler$InlineMarkupAdapterPreProcessorHandler.handleCloseElementEnd(InlinedOutputExpressionMarkupHandler.java:322)
	at org.thymeleaf.standard.inline.OutputExpressionInlinePreProcessorHandler.handleCloseElementEnd(OutputExpressionInlinePreProcessorHandler.java:220)
	at org.thymeleaf.templateparser.markup.InlinedOutputExpressionMarkupHandler.handleCloseElementEnd(InlinedOutputExpressionMarkupHandler.java:164)
	at org.attoparser.HtmlElement.handleCloseElementEnd(HtmlElement.java:169)
	at org.attoparser.HtmlMarkupHandler.handleCloseElementEnd(HtmlMarkupHandler.java:412)
	at org.attoparser.MarkupEventProcessorHandler.handleCloseElementEnd(MarkupEventProcessorHandler.java:473)
	at org.attoparser.ParsingElementMarkupUtil.parseCloseElement(ParsingElementMarkupUtil.java:201)
	at org.attoparser.MarkupParser.parseBuffer(MarkupParser.java:725)
	at org.attoparser.MarkupParser.parseDocument(MarkupParser.java:301)
	... 58 common frames omitted
2026-07-14 09:11:43.855 INFO  [http-nio-8080-exec-3] p.u.e.config.RequestLoggingFilter - Solicitud atendida metodo=GET path=/ status=200 tiempoMs=10550
2026-07-14 09:11:43.860 ERROR [http-nio-8080-exec-3] o.a.c.c.C.[.[.[/].[dispatcherServlet] - Servlet.service() for servlet [dispatcherServlet] in context with path [] threw exception [Request processing failed: org.thymeleaf.exceptions.TemplateInputException: An error happened during template parsing (template: "class path resource [templates/monitoring.html]")] with root cause
org.thymeleaf.exceptions.TemplateProcessingException: Could not parse as expression: "${line.contains(' INFO ')} ? 'log-info' : ${line.contains(' WARN ')} ? 'log-warn' : ${line.contains(' ERROR ')} ? 'log-error' : 'log-debug'" (template: "monitoring" - line 424, col 34)
	at org.thymeleaf.standard.expression.StandardExpressionParser.parseExpression(StandardExpressionParser.java:131)
	at org.thymeleaf.standard.expression.StandardExpressionParser.parseExpression(StandardExpressionParser.java:62)
	at org.thymeleaf.standard.expression.StandardExpressionParser.parseExpression(StandardExpressionParser.java:44)
	at org.thymeleaf.engine.EngineEventUtils.parseAttributeExpression(EngineEventUtils.java:220)
	at org.thymeleaf.engine.EngineEventUtils.computeAttributeExpression(EngineEventUtils.java:207)
	at org.thymeleaf.standard.processor.AbstractStandardExpressionAttributeTagProcessor.doProcess(AbstractStandardExpressionAttributeTagProcessor.java:125)
	at org.thymeleaf.processor.element.AbstractAttributeTagProcessor.doProcess(AbstractAttributeTagProcessor.java:74)
	at org.thymeleaf.processor.element.AbstractElementTagProcessor.process(AbstractElementTagProcessor.java:95)
	at org.thymeleaf.util.ProcessorConfigurationUtils$ElementTagProcessorWrapper.process(ProcessorConfigurationUtils.java:633)
	at org.thymeleaf.engine.ProcessorTemplateHandler.handleOpenElement(ProcessorTemplateHandler.java:1314)
	at org.thymeleaf.engine.OpenElementTag.beHandled(OpenElementTag.java:205)
	at org.thymeleaf.engine.Model.process(Model.java:282)
	at org.thymeleaf.engine.Model.process(Model.java:290)
	at org.thymeleaf.engine.IteratedGatheringModelProcessable.processIterationModel(IteratedGatheringModelProcessable.java:368)
	at org.thymeleaf.engine.IteratedGatheringModelProcessable.process(IteratedGatheringModelProcessable.java:222)
	at org.thymeleaf.engine.ProcessorTemplateHandler.handleCloseElement(ProcessorTemplateHandler.java:1640)
	at org.thymeleaf.engine.TemplateHandlerAdapterMarkupHandler.handleCloseElementEnd(TemplateHandlerAdapterMarkupHandler.java:388)
	at org.thymeleaf.templateparser.markup.InlinedOutputExpressionMarkupHandler$InlineMarkupAdapterPreProcessorHandler.handleCloseElementEnd(InlinedOutputExpressionMarkupHandler.java:322)
	at org.thymeleaf.standard.inline.OutputExpressionInlinePreProcessorHandler.handleCloseElementEnd(OutputExpressionInlinePreProcessorHandler.java:220)
	at org.thymeleaf.templateparser.markup.InlinedOutputExpressionMarkupHandler.handleCloseElementEnd(InlinedOutputExpressionMarkupHandler.java:164)
	at org.attoparser.HtmlElement.handleCloseElementEnd(HtmlElement.java:169)
	at org.attoparser.HtmlMarkupHandler.handleCloseElementEnd(HtmlMarkupHandler.java:412)
	at org.attoparser.MarkupEventProcessorHandler.handleCloseElementEnd(MarkupEventProcessorHandler.java:473)
	at org.attoparser.ParsingElementMarkupUtil.parseCloseElement(ParsingElementMarkupUtil.java:201)
	at org.attoparser.MarkupParser.parseBuffer(MarkupParser.java:725)
	at org.attoparser.MarkupParser.parseDocument(MarkupParser.java:301)
	at org.attoparser.MarkupParser.parse(MarkupParser.java:257)
	at org.thymeleaf.templateparser.markup.AbstractMarkupTemplateParser.parse(AbstractMarkupTemplateParser.java:230)
	at org.thymeleaf.templateparser.markup.AbstractMarkupTemplateParser.parseStandalone(AbstractMarkupTemplateParser.java:100)
	at org.thymeleaf.engine.TemplateManager.parseAndProcess(TemplateManager.java:666)
	at org.thymeleaf.TemplateEngine.process(TemplateEngine.java:1103)
	at org.thymeleaf.TemplateEngine.process(TemplateEngine.java:1077)
	at org.thymeleaf.spring6.view.ThymeleafView.renderFragment(ThymeleafView.java:372)
	at org.thymeleaf.spring6.view.ThymeleafView.render(ThymeleafView.java:192)
	at org.springframework.web.servlet.DispatcherServlet.render(DispatcherServlet.java:1431)
	at org.springframework.web.servlet.DispatcherServlet.processDispatchResult(DispatcherServlet.java:1167)
	at org.springframework.web.servlet.DispatcherServlet.doDispatch(DispatcherServlet.java:1106)
	at org.springframework.web.servlet.DispatcherServlet.doService(DispatcherServlet.java:979)
	at org.springframework.web.servlet.FrameworkServlet.processRequest(FrameworkServlet.java:1014)
	at org.springframework.web.servlet.FrameworkServlet.doGet(FrameworkServlet.java:903)
	at jakarta.servlet.http.HttpServlet.service(HttpServlet.java:564)
	at org.springframework.web.servlet.FrameworkServlet.service(FrameworkServlet.java:885)
	at jakarta.servlet.http.HttpServlet.service(HttpServlet.java:658)
	at org.apache.catalina.core.ApplicationFilterChain.internalDoFilter(ApplicationFilterChain.java:195)
	at org.apache.catalina.core.ApplicationFilterChain.doFilter(ApplicationFilterChain.java:140)
	at org.apache.tomcat.websocket.server.WsFilter.doFilter(WsFilter.java:51)
	at org.apache.catalina.core.ApplicationFilterChain.internalDoFilter(ApplicationFilterChain.java:164)
	at org.apache.catalina.core.ApplicationFilterChain.doFilter(ApplicationFilterChain.java:140)
	at pe.utp.estacionamiento.config.RequestLoggingFilter.doFilterInternal(RequestLoggingFilter.java:23)
	at org.springframework.web.filter.OncePerRequestFilter.doFilter(OncePerRequestFilter.java:116)
	at org.apache.catalina.core.ApplicationFilterChain.internalDoFilter(ApplicationFilterChain.java:164)
	at org.apache.catalina.core.ApplicationFilterChain.doFilter(ApplicationFilterChain.java:140)
	at org.springframework.web.filter.RequestContextFilter.doFilterInternal(RequestContextFilter.java:100)
	at org.springframework.web.filter.OncePerRequestFilter.doFilter(OncePerRequestFilter.java:116)
	at org.apache.catalina.core.ApplicationFilterChain.internalDoFilter(ApplicationFilterChain.java:164)
	at org.apache.catalina.core.ApplicationFilterChain.doFilter(ApplicationFilterChain.java:140)
	at org.springframework.web.filter.FormContentFilter.doFilterInternal(FormContentFilter.java:93)
	at org.springframework.web.filter.OncePerRequestFilter.doFilter(OncePerRequestFilter.java:116)
	at org.apache.catalina.core.ApplicationFilterChain.internalDoFilter(ApplicationFilterChain.java:164)
	at org.apache.catalina.core.ApplicationFilterChain.doFilter(ApplicationFilterChain.java:140)
	at org.springframework.web.filter.ServerHttpObservationFilter.doFilterInternal(ServerHttpObservationFilter.java:113)
	at org.springframework.web.filter.OncePerRequestFilter.doFilter(OncePerRequestFilter.java:116)
	at org.apache.catalina.core.ApplicationFilterChain.internalDoFilter(ApplicationFilterChain.java:164)
	at org.apache.catalina.core.ApplicationFilterChain.doFilter(ApplicationFilterChain.java:140)
	at org.springframework.web.filter.CharacterEncodingFilter.doFilterInternal(CharacterEncodingFilter.java:201)
	at org.springframework.web.filter.OncePerRequestFilter.doFilter(OncePerRequestFilter.java:116)
	at org.apache.catalina.core.ApplicationFilterChain.internalDoFilter(ApplicationFilterChain.java:164)
	at org.apache.catalina.core.ApplicationFilterChain.doFilter(ApplicationFilterChain.java:140)
	at org.apache.catalina.core.StandardWrapperValve.invoke(StandardWrapperValve.java:167)
	at org.apache.catalina.core.StandardContextValve.invoke(StandardContextValve.java:90)
	at org.apache.catalina.authenticator.AuthenticatorBase.invoke(AuthenticatorBase.java:483)
	at org.apache.catalina.core.StandardHostValve.invoke(StandardHostValve.java:115)
	at org.apache.catalina.valves.ErrorReportValve.invoke(ErrorReportValve.java:93)
	at org.apache.catalina.core.StandardEngineValve.invoke(StandardEngineValve.java:74)
	at org.apache.catalina.connector.CoyoteAdapter.service(CoyoteAdapter.java:344)
	at org.apache.coyote.http11.Http11Processor.service(Http11Processor.java:389)
	at org.apache.coyote.AbstractProcessorLight.process(AbstractProcessorLight.java:63)
	at org.apache.coyote.AbstractProtocol$ConnectionHandler.process(AbstractProtocol.java:904)
	at org.apache.tomcat.util.net.NioEndpoint$SocketProcessor.doRun(NioEndpoint.java:1741)
	at org.apache.tomcat.util.net.SocketProcessorBase.run(SocketProcessorBase.java:52)
	at org.apache.tomcat.util.threads.ThreadPoolExecutor.runWorker(ThreadPoolExecutor.java:1190)
	at org.apache.tomcat.util.threads.ThreadPoolExecutor$Worker.run(ThreadPoolExecutor.java:659)
	at org.apache.tomcat.util.threads.TaskThread$WrappingRunnable.run(TaskThread.java:63)
	at java.base/java.lang.Thread.run(Thread.java:1474)
2026-07-14 09:11:43.916 ERROR [http-nio-8080-exec-3] o.s.b.a.w.s.e.ErrorMvcAutoConfiguration$StaticView - Cannot render error page for request [/] and exception [An error happened during template parsing (template: "class path resource [templates/monitoring.html]")] as the response has already been committed. As a result, the response may have the wrong status code.
2026-07-14 09:12:56.326 INFO  [http-nio-8080-exec-2] p.u.e.service.EventoSistemaService - [ADMIN-PANEL] Accion de administrador - accion: consulta_dashboard_monitoreo - timestamp: 2026-07-14 09:12:56
2026-07-14 09:12:56.328 INFO  [http-nio-8080-exec-2] com.zaxxer.hikari.HikariDataSource - HikariPool-1 - Starting...
2026-07-14 09:12:57.434 INFO  [http-nio-8080-exec-2] com.zaxxer.hikari.HikariDataSource - HikariPool-1 - Starting...
2026-07-14 09:12:58.453 INFO  [http-nio-8080-exec-2] com.zaxxer.hikari.HikariDataSource - HikariPool-1 - Starting...
2026-07-14 09:12:59.474 INFO  [http-nio-8080-exec-2] com.zaxxer.hikari.HikariDataSource - HikariPool-1 - Starting...
2026-07-14 09:13:00.489 INFO  [http-nio-8080-exec-2] com.zaxxer.hikari.HikariDataSource - HikariPool-1 - Starting...
2026-07-14 09:13:01.553 ERROR [http-nio-8080-exec-2] org.thymeleaf.TemplateEngine - [THYMELEAF][http-nio-8080-exec-2] Exception processing template "monitoring": An error happened during template parsing (template: "class path resource [templates/monitoring.html]")
org.thymeleaf.exceptions.TemplateInputException: An error happened during template parsing (template: "class path resource [templates/monitoring.html]")
	at org.thymeleaf.templateparser.markup.AbstractMarkupTemplateParser.parse(AbstractMarkupTemplateParser.java:241)
	at org.thymeleaf.templateparser.markup.AbstractMarkupTemplateParser.parseStandalone(AbstractMarkupTemplateParser.java:100)
	at org.thymeleaf.engine.TemplateManager.parseAndProcess(TemplateManager.java:666)
	at org.thymeleaf.TemplateEngine.process(TemplateEngine.java:1103)
	at org.thymeleaf.TemplateEngine.process(TemplateEngine.java:1077)
	at org.thymeleaf.spring6.view.ThymeleafView.renderFragment(ThymeleafView.java:372)
	at org.thymeleaf.spring6.view.ThymeleafView.render(ThymeleafView.java:192)
	at org.springframework.web.servlet.DispatcherServlet.render(DispatcherServlet.java:1431)
	at org.springframework.web.servlet.DispatcherServlet.processDispatchResult(DispatcherServlet.java:1167)
	at org.springframework.web.servlet.DispatcherServlet.doDispatch(DispatcherServlet.java:1106)
	at org.springframework.web.servlet.DispatcherServlet.doService(DispatcherServlet.java:979)
	at org.springframework.web.servlet.FrameworkServlet.processRequest(FrameworkServlet.java:1014)
	at org.springframework.web.servlet.FrameworkServlet.doGet(FrameworkServlet.java:903)
	at jakarta.servlet.http.HttpServlet.service(HttpServlet.java:564)
	at org.springframework.web.servlet.FrameworkServlet.service(FrameworkServlet.java:885)
	at jakarta.servlet.http.HttpServlet.service(HttpServlet.java:658)
	at org.apache.catalina.core.ApplicationFilterChain.internalDoFilter(ApplicationFilterChain.java:195)
	at org.apache.catalina.core.ApplicationFilterChain.doFilter(ApplicationFilterChain.java:140)
	at org.apache.tomcat.websocket.server.WsFilter.doFilter(WsFilter.java:51)
	at org.apache.catalina.core.ApplicationFilterChain.internalDoFilter(ApplicationFilterChain.java:164)
	at org.apache.catalina.core.ApplicationFilterChain.doFilter(ApplicationFilterChain.java:140)
	at pe.utp.estacionamiento.config.RequestLoggingFilter.doFilterInternal(RequestLoggingFilter.java:23)
	at org.springframework.web.filter.OncePerRequestFilter.doFilter(OncePerRequestFilter.java:116)
	at org.apache.catalina.core.ApplicationFilterChain.internalDoFilter(ApplicationFilterChain.java:164)
	at org.apache.catalina.core.ApplicationFilterChain.doFilter(ApplicationFilterChain.java:140)
	at org.springframework.web.filter.RequestContextFilter.doFilterInternal(RequestContextFilter.java:100)
	at org.springframework.web.filter.OncePerRequestFilter.doFilter(OncePerRequestFilter.java:116)
	at org.apache.catalina.core.ApplicationFilterChain.internalDoFilter(ApplicationFilterChain.java:164)
	at org.apache.catalina.core.ApplicationFilterChain.doFilter(ApplicationFilterChain.java:140)
	at org.springframework.web.filter.FormContentFilter.doFilterInternal(FormContentFilter.java:93)
	at org.springframework.web.filter.OncePerRequestFilter.doFilter(OncePerRequestFilter.java:116)
	at org.apache.catalina.core.ApplicationFilterChain.internalDoFilter(ApplicationFilterChain.java:164)
	at org.apache.catalina.core.ApplicationFilterChain.doFilter(ApplicationFilterChain.java:140)
	at org.springframework.web.filter.ServerHttpObservationFilter.doFilterInternal(ServerHttpObservationFilter.java:113)
	at org.springframework.web.filter.OncePerRequestFilter.doFilter(OncePerRequestFilter.java:116)
	at org.apache.catalina.core.ApplicationFilterChain.internalDoFilter(ApplicationFilterChain.java:164)
	at org.apache.catalina.core.ApplicationFilterChain.doFilter(ApplicationFilterChain.java:140)
	at org.springframework.web.filter.CharacterEncodingFilter.doFilterInternal(CharacterEncodingFilter.java:201)
	at org.springframework.web.filter.OncePerRequestFilter.doFilter(OncePerRequestFilter.java:116)
	at org.apache.catalina.core.ApplicationFilterChain.internalDoFilter(ApplicationFilterChain.java:164)
	at org.apache.catalina.core.ApplicationFilterChain.doFilter(ApplicationFilterChain.java:140)
	at org.apache.catalina.core.StandardWrapperValve.invoke(StandardWrapperValve.java:167)
	at org.apache.catalina.core.StandardContextValve.invoke(StandardContextValve.java:90)
	at org.apache.catalina.authenticator.AuthenticatorBase.invoke(AuthenticatorBase.java:483)
	at org.apache.catalina.core.StandardHostValve.invoke(StandardHostValve.java:115)
	at org.apache.catalina.valves.ErrorReportValve.invoke(ErrorReportValve.java:93)
	at org.apache.catalina.core.StandardEngineValve.invoke(StandardEngineValve.java:74)
	at org.apache.catalina.connector.CoyoteAdapter.service(CoyoteAdapter.java:344)
	at org.apache.coyote.http11.Http11Processor.service(Http11Processor.java:389)
	at org.apache.coyote.AbstractProcessorLight.process(AbstractProcessorLight.java:63)
	at org.apache.coyote.AbstractProtocol$ConnectionHandler.process(AbstractProtocol.java:904)
	at org.apache.tomcat.util.net.NioEndpoint$SocketProcessor.doRun(NioEndpoint.java:1741)
	at org.apache.tomcat.util.net.SocketProcessorBase.run(SocketProcessorBase.java:52)
	at org.apache.tomcat.util.threads.ThreadPoolExecutor.runWorker(ThreadPoolExecutor.java:1190)
	at org.apache.tomcat.util.threads.ThreadPoolExecutor$Worker.run(ThreadPoolExecutor.java:659)
	at org.apache.tomcat.util.threads.TaskThread$WrappingRunnable.run(TaskThread.java:63)
	at java.base/java.lang.Thread.run(Thread.java:1474)
Caused by: org.attoparser.ParseException: Could not parse as expression: "${line.contains(' INFO ')} ? 'log-info' : ${line.contains(' WARN ')} ? 'log-warn' : ${line.contains(' ERROR ')} ? 'log-error' : 'log-debug'" (template: "monitoring" - line 424, col 34)
	at org.attoparser.MarkupParser.parseDocument(MarkupParser.java:393)
	at org.attoparser.MarkupParser.parse(MarkupParser.java:257)
	at org.thymeleaf.templateparser.markup.AbstractMarkupTemplateParser.parse(AbstractMarkupTemplateParser.java:230)
	... 56 common frames omitted
Caused by: org.thymeleaf.exceptions.TemplateProcessingException: Could not parse as expression: "${line.contains(' INFO ')} ? 'log-info' : ${line.contains(' WARN ')} ? 'log-warn' : ${line.contains(' ERROR ')} ? 'log-error' : 'log-debug'" (template: "monitoring" - line 424, col 34)
	at org.thymeleaf.standard.expression.StandardExpressionParser.parseExpression(StandardExpressionParser.java:131)
	at org.thymeleaf.standard.expression.StandardExpressionParser.parseExpression(StandardExpressionParser.java:62)
	at org.thymeleaf.standard.expression.StandardExpressionParser.parseExpression(StandardExpressionParser.java:44)
	at org.thymeleaf.engine.EngineEventUtils.parseAttributeExpression(EngineEventUtils.java:220)
	at org.thymeleaf.engine.EngineEventUtils.computeAttributeExpression(EngineEventUtils.java:207)
	at org.thymeleaf.standard.processor.AbstractStandardExpressionAttributeTagProcessor.doProcess(AbstractStandardExpressionAttributeTagProcessor.java:125)
	at org.thymeleaf.processor.element.AbstractAttributeTagProcessor.doProcess(AbstractAttributeTagProcessor.java:74)
	at org.thymeleaf.processor.element.AbstractElementTagProcessor.process(AbstractElementTagProcessor.java:95)
	at org.thymeleaf.util.ProcessorConfigurationUtils$ElementTagProcessorWrapper.process(ProcessorConfigurationUtils.java:633)
	at org.thymeleaf.engine.ProcessorTemplateHandler.handleOpenElement(ProcessorTemplateHandler.java:1314)
	at org.thymeleaf.engine.OpenElementTag.beHandled(OpenElementTag.java:205)
	at org.thymeleaf.engine.Model.process(Model.java:282)
	at org.thymeleaf.engine.Model.process(Model.java:290)
	at org.thymeleaf.engine.IteratedGatheringModelProcessable.processIterationModel(IteratedGatheringModelProcessable.java:368)
	at org.thymeleaf.engine.IteratedGatheringModelProcessable.process(IteratedGatheringModelProcessable.java:222)
	at org.thymeleaf.engine.ProcessorTemplateHandler.handleCloseElement(ProcessorTemplateHandler.java:1640)
	at org.thymeleaf.engine.TemplateHandlerAdapterMarkupHandler.handleCloseElementEnd(TemplateHandlerAdapterMarkupHandler.java:388)
	at org.thymeleaf.templateparser.markup.InlinedOutputExpressionMarkupHandler$InlineMarkupAdapterPreProcessorHandler.handleCloseElementEnd(InlinedOutputExpressionMarkupHandler.java:322)
	at org.thymeleaf.standard.inline.OutputExpressionInlinePreProcessorHandler.handleCloseElementEnd(OutputExpressionInlinePreProcessorHandler.java:220)
	at org.thymeleaf.templateparser.markup.InlinedOutputExpressionMarkupHandler.handleCloseElementEnd(InlinedOutputExpressionMarkupHandler.java:164)
	at org.attoparser.HtmlElement.handleCloseElementEnd(HtmlElement.java:169)
	at org.attoparser.HtmlMarkupHandler.handleCloseElementEnd(HtmlMarkupHandler.java:412)
	at org.attoparser.MarkupEventProcessorHandler.handleCloseElementEnd(MarkupEventProcessorHandler.java:473)
	at org.attoparser.ParsingElementMarkupUtil.parseCloseElement(ParsingElementMarkupUtil.java:201)
	at org.attoparser.MarkupParser.parseBuffer(MarkupParser.java:725)
	at org.attoparser.MarkupParser.parseDocument(MarkupParser.java:301)
	... 58 common frames omitted
2026-07-14 09:13:01.557 INFO  [http-nio-8080-exec-2] p.u.e.config.RequestLoggingFilter - Solicitud atendida metodo=GET path=/ status=200 tiempoMs=5233
2026-07-14 09:13:01.558 ERROR [http-nio-8080-exec-2] o.a.c.c.C.[.[.[/].[dispatcherServlet] - Servlet.service() for servlet [dispatcherServlet] in context with path [] threw exception [Request processing failed: org.thymeleaf.exceptions.TemplateInputException: An error happened during template parsing (template: "class path resource [templates/monitoring.html]")] with root cause
org.thymeleaf.exceptions.TemplateProcessingException: Could not parse as expression: "${line.contains(' INFO ')} ? 'log-info' : ${line.contains(' WARN ')} ? 'log-warn' : ${line.contains(' ERROR ')} ? 'log-error' : 'log-debug'" (template: "monitoring" - line 424, col 34)
	at org.thymeleaf.standard.expression.StandardExpressionParser.parseExpression(StandardExpressionParser.java:131)
	at org.thymeleaf.standard.expression.StandardExpressionParser.parseExpression(StandardExpressionParser.java:62)
	at org.thymeleaf.standard.expression.StandardExpressionParser.parseExpression(StandardExpressionParser.java:44)
	at org.thymeleaf.engine.EngineEventUtils.parseAttributeExpression(EngineEventUtils.java:220)
	at org.thymeleaf.engine.EngineEventUtils.computeAttributeExpression(EngineEventUtils.java:207)
	at org.thymeleaf.standard.processor.AbstractStandardExpressionAttributeTagProcessor.doProcess(AbstractStandardExpressionAttributeTagProcessor.java:125)
	at org.thymeleaf.processor.element.AbstractAttributeTagProcessor.doProcess(AbstractAttributeTagProcessor.java:74)
	at org.thymeleaf.processor.element.AbstractElementTagProcessor.process(AbstractElementTagProcessor.java:95)
	at org.thymeleaf.util.ProcessorConfigurationUtils$ElementTagProcessorWrapper.process(ProcessorConfigurationUtils.java:633)
	at org.thymeleaf.engine.ProcessorTemplateHandler.handleOpenElement(ProcessorTemplateHandler.java:1314)
	at org.thymeleaf.engine.OpenElementTag.beHandled(OpenElementTag.java:205)
	at org.thymeleaf.engine.Model.process(Model.java:282)
	at org.thymeleaf.engine.Model.process(Model.java:290)
	at org.thymeleaf.engine.IteratedGatheringModelProcessable.processIterationModel(IteratedGatheringModelProcessable.java:368)
	at org.thymeleaf.engine.IteratedGatheringModelProcessable.process(IteratedGatheringModelProcessable.java:222)
	at org.thymeleaf.engine.ProcessorTemplateHandler.handleCloseElement(ProcessorTemplateHandler.java:1640)
	at org.thymeleaf.engine.TemplateHandlerAdapterMarkupHandler.handleCloseElementEnd(TemplateHandlerAdapterMarkupHandler.java:388)
	at org.thymeleaf.templateparser.markup.InlinedOutputExpressionMarkupHandler$InlineMarkupAdapterPreProcessorHandler.handleCloseElementEnd(InlinedOutputExpressionMarkupHandler.java:322)
	at org.thymeleaf.standard.inline.OutputExpressionInlinePreProcessorHandler.handleCloseElementEnd(OutputExpressionInlinePreProcessorHandler.java:220)
	at org.thymeleaf.templateparser.markup.InlinedOutputExpressionMarkupHandler.handleCloseElementEnd(InlinedOutputExpressionMarkupHandler.java:164)
	at org.attoparser.HtmlElement.handleCloseElementEnd(HtmlElement.java:169)
	at org.attoparser.HtmlMarkupHandler.handleCloseElementEnd(HtmlMarkupHandler.java:412)
	at org.attoparser.MarkupEventProcessorHandler.handleCloseElementEnd(MarkupEventProcessorHandler.java:473)
	at org.attoparser.ParsingElementMarkupUtil.parseCloseElement(ParsingElementMarkupUtil.java:201)
	at org.attoparser.MarkupParser.parseBuffer(MarkupParser.java:725)
	at org.attoparser.MarkupParser.parseDocument(MarkupParser.java:301)
	at org.attoparser.MarkupParser.parse(MarkupParser.java:257)
	at org.thymeleaf.templateparser.markup.AbstractMarkupTemplateParser.parse(AbstractMarkupTemplateParser.java:230)
	at org.thymeleaf.templateparser.markup.AbstractMarkupTemplateParser.parseStandalone(AbstractMarkupTemplateParser.java:100)
	at org.thymeleaf.engine.TemplateManager.parseAndProcess(TemplateManager.java:666)
	at org.thymeleaf.TemplateEngine.process(TemplateEngine.java:1103)
	at org.thymeleaf.TemplateEngine.process(TemplateEngine.java:1077)
	at org.thymeleaf.spring6.view.ThymeleafView.renderFragment(ThymeleafView.java:372)
	at org.thymeleaf.spring6.view.ThymeleafView.render(ThymeleafView.java:192)
	at org.springframework.web.servlet.DispatcherServlet.render(DispatcherServlet.java:1431)
	at org.springframework.web.servlet.DispatcherServlet.processDispatchResult(DispatcherServlet.java:1167)
	at org.springframework.web.servlet.DispatcherServlet.doDispatch(DispatcherServlet.java:1106)
	at org.springframework.web.servlet.DispatcherServlet.doService(DispatcherServlet.java:979)
	at org.springframework.web.servlet.FrameworkServlet.processRequest(FrameworkServlet.java:1014)
	at org.springframework.web.servlet.FrameworkServlet.doGet(FrameworkServlet.java:903)
	at jakarta.servlet.http.HttpServlet.service(HttpServlet.java:564)
	at org.springframework.web.servlet.FrameworkServlet.service(FrameworkServlet.java:885)
	at jakarta.servlet.http.HttpServlet.service(HttpServlet.java:658)
	at org.apache.catalina.core.ApplicationFilterChain.internalDoFilter(ApplicationFilterChain.java:195)
	at org.apache.catalina.core.ApplicationFilterChain.doFilter(ApplicationFilterChain.java:140)
	at org.apache.tomcat.websocket.server.WsFilter.doFilter(WsFilter.java:51)
	at org.apache.catalina.core.ApplicationFilterChain.internalDoFilter(ApplicationFilterChain.java:164)
	at org.apache.catalina.core.ApplicationFilterChain.doFilter(ApplicationFilterChain.java:140)
	at pe.utp.estacionamiento.config.RequestLoggingFilter.doFilterInternal(RequestLoggingFilter.java:23)
	at org.springframework.web.filter.OncePerRequestFilter.doFilter(OncePerRequestFilter.java:116)
	at org.apache.catalina.core.ApplicationFilterChain.internalDoFilter(ApplicationFilterChain.java:164)
	at org.apache.catalina.core.ApplicationFilterChain.doFilter(ApplicationFilterChain.java:140)
	at org.springframework.web.filter.RequestContextFilter.doFilterInternal(RequestContextFilter.java:100)
	at org.springframework.web.filter.OncePerRequestFilter.doFilter(OncePerRequestFilter.java:116)
	at org.apache.catalina.core.ApplicationFilterChain.internalDoFilter(ApplicationFilterChain.java:164)
	at org.apache.catalina.core.ApplicationFilterChain.doFilter(ApplicationFilterChain.java:140)
	at org.springframework.web.filter.FormContentFilter.doFilterInternal(FormContentFilter.java:93)
	at org.springframework.web.filter.OncePerRequestFilter.doFilter(OncePerRequestFilter.java:116)
	at org.apache.catalina.core.ApplicationFilterChain.internalDoFilter(ApplicationFilterChain.java:164)
	at org.apache.catalina.core.ApplicationFilterChain.doFilter(ApplicationFilterChain.java:140)
	at org.springframework.web.filter.ServerHttpObservationFilter.doFilterInternal(ServerHttpObservationFilter.java:113)
	at org.springframework.web.filter.OncePerRequestFilter.doFilter(OncePerRequestFilter.java:116)
	at org.apache.catalina.core.ApplicationFilterChain.internalDoFilter(ApplicationFilterChain.java:164)
	at org.apache.catalina.core.ApplicationFilterChain.doFilter(ApplicationFilterChain.java:140)
	at org.springframework.web.filter.CharacterEncodingFilter.doFilterInternal(CharacterEncodingFilter.java:201)
	at org.springframework.web.filter.OncePerRequestFilter.doFilter(OncePerRequestFilter.java:116)
	at org.apache.catalina.core.ApplicationFilterChain.internalDoFilter(ApplicationFilterChain.java:164)
	at org.apache.catalina.core.ApplicationFilterChain.doFilter(ApplicationFilterChain.java:140)
	at org.apache.catalina.core.StandardWrapperValve.invoke(StandardWrapperValve.java:167)
	at org.apache.catalina.core.StandardContextValve.invoke(StandardContextValve.java:90)
	at org.apache.catalina.authenticator.AuthenticatorBase.invoke(AuthenticatorBase.java:483)
	at org.apache.catalina.core.StandardHostValve.invoke(StandardHostValve.java:115)
	at org.apache.catalina.valves.ErrorReportValve.invoke(ErrorReportValve.java:93)
	at org.apache.catalina.core.StandardEngineValve.invoke(StandardEngineValve.java:74)
	at org.apache.catalina.connector.CoyoteAdapter.service(CoyoteAdapter.java:344)
	at org.apache.coyote.http11.Http11Processor.service(Http11Processor.java:389)
	at org.apache.coyote.AbstractProcessorLight.process(AbstractProcessorLight.java:63)
	at org.apache.coyote.AbstractProtocol$ConnectionHandler.process(AbstractProtocol.java:904)
	at org.apache.tomcat.util.net.NioEndpoint$SocketProcessor.doRun(NioEndpoint.java:1741)
	at org.apache.tomcat.util.net.SocketProcessorBase.run(SocketProcessorBase.java:52)
	at org.apache.tomcat.util.threads.ThreadPoolExecutor.runWorker(ThreadPoolExecutor.java:1190)
	at org.apache.tomcat.util.threads.ThreadPoolExecutor$Worker.run(ThreadPoolExecutor.java:659)
	at org.apache.tomcat.util.threads.TaskThread$WrappingRunnable.run(TaskThread.java:63)
	at java.base/java.lang.Thread.run(Thread.java:1474)
2026-07-14 09:13:01.577 ERROR [http-nio-8080-exec-2] o.s.b.a.w.s.e.ErrorMvcAutoConfiguration$StaticView - Cannot render error page for request [/] and exception [An error happened during template parsing (template: "class path resource [templates/monitoring.html]")] as the response has already been committed. As a result, the response may have the wrong status code.
2026-07-14 09:15:03.969 INFO  [restartedMain] pe.utp.estacionamiento.App - Starting App using Java 25.0.2 with PID 24796 (C:\Users\DREP\Downloads\ESTACIONAMIENTO_INTELIGENTE-integrado\ESTACIONAMIENTO_INTELIGENTE-main\target\classes started by DREP in C:\Users\DREP\Downloads\ESTACIONAMIENTO_INTELIGENTE-integrado\ESTACIONAMIENTO_INTELIGENTE-main)
2026-07-14 09:15:03.972 INFO  [restartedMain] pe.utp.estacionamiento.App - No active profile set, falling back to 1 default profile: "default"
2026-07-14 09:15:04.027 INFO  [restartedMain] o.s.b.d.e.DevToolsPropertyDefaultsPostProcessor - Devtools property defaults active! Set 'spring.devtools.add-properties' to 'false' to disable
2026-07-14 09:15:04.028 INFO  [restartedMain] o.s.b.d.e.DevToolsPropertyDefaultsPostProcessor - For additional web related logging consider setting the 'logging.level.web' property to 'DEBUG'
2026-07-14 09:15:05.413 INFO  [restartedMain] o.s.b.w.embedded.tomcat.TomcatWebServer - Tomcat initialized with port 8080 (http)
2026-07-14 09:15:05.426 INFO  [restartedMain] o.apache.coyote.http11.Http11NioProtocol - Initializing ProtocolHandler ["http-nio-8080"]
2026-07-14 09:15:05.429 INFO  [restartedMain] o.apache.catalina.core.StandardService - Starting service [Tomcat]
2026-07-14 09:15:05.430 INFO  [restartedMain] org.apache.catalina.core.StandardEngine - Starting Servlet engine: [Apache Tomcat/10.1.26]
2026-07-14 09:15:05.492 INFO  [restartedMain] o.a.c.c.C.[Tomcat].[localhost].[/] - Initializing Spring embedded WebApplicationContext
2026-07-14 09:15:05.493 INFO  [restartedMain] o.s.b.w.s.c.ServletWebServerApplicationContext - Root WebApplicationContext: initialization completed in 1465 ms
2026-07-14 09:15:06.167 INFO  [restartedMain] o.s.b.d.a.OptionalLiveReloadServer - LiveReload server is running on port 35729
2026-07-14 09:15:06.177 INFO  [restartedMain] o.s.b.a.e.web.EndpointLinksResolver - Exposing 7 endpoints beneath base path '/actuator'
2026-07-14 09:15:06.240 INFO  [restartedMain] o.apache.coyote.http11.Http11NioProtocol - Starting ProtocolHandler ["http-nio-8080"]
2026-07-14 09:15:06.266 INFO  [restartedMain] o.s.b.w.embedded.tomcat.TomcatWebServer - Tomcat started on port 8080 (http) with context path '/'
2026-07-14 09:15:06.279 INFO  [restartedMain] pe.utp.estacionamiento.App - Started App in 2.913 seconds (process running for 3.383)
2026-07-14 09:15:06.362 INFO  [restartedMain] p.u.e.service.EventoSistemaService - ============================================================
2026-07-14 09:15:06.363 INFO  [restartedMain] p.u.e.service.EventoSistemaService - INICIO DEL SISTEMA DE ESTACIONAMIENTO - [2026-07-14 09:15:06]
2026-07-14 09:15:06.365 INFO  [restartedMain] p.u.e.service.EventoSistemaService - Modulo de Monitoreo: ACTIVO
2026-07-14 09:15:06.365 INFO  [restartedMain] p.u.e.service.EventoSistemaService - Actuator: DISPONIBLE en http://localhost:8080/actuator
2026-07-14 09:15:06.365 INFO  [restartedMain] p.u.e.service.EventoSistemaService - Dashboard: DISPONIBLE en http://localhost:8080/monitoring
2026-07-14 09:15:06.365 INFO  [restartedMain] p.u.e.service.EventoSistemaService - ============================================================
2026-07-14 09:15:23.887 INFO  [http-nio-8080-exec-1] o.a.c.c.C.[Tomcat].[localhost].[/] - Initializing Spring DispatcherServlet 'dispatcherServlet'
2026-07-14 09:15:23.887 INFO  [http-nio-8080-exec-1] o.s.web.servlet.DispatcherServlet - Initializing Servlet 'dispatcherServlet'
2026-07-14 09:15:23.890 INFO  [http-nio-8080-exec-1] o.s.web.servlet.DispatcherServlet - Completed initialization in 2 ms
2026-07-14 09:15:23.990 INFO  [http-nio-8080-exec-1] p.u.e.service.EventoSistemaService - [ADMIN-PANEL] Accion de administrador - accion: consulta_dashboard_monitoreo - timestamp: 2026-07-14 09:15:23
2026-07-14 09:15:24.004 INFO  [http-nio-8080-exec-1] com.zaxxer.hikari.HikariDataSource - HikariPool-1 - Starting...
2026-07-14 09:15:27.220 INFO  [http-nio-8080-exec-1] com.zaxxer.hikari.HikariDataSource - HikariPool-1 - Starting...
2026-07-14 09:15:28.241 INFO  [http-nio-8080-exec-1] com.zaxxer.hikari.HikariDataSource - HikariPool-1 - Starting...
2026-07-14 09:15:29.257 INFO  [http-nio-8080-exec-1] com.zaxxer.hikari.HikariDataSource - HikariPool-1 - Starting...
2026-07-14 09:15:30.270 INFO  [http-nio-8080-exec-1] com.zaxxer.hikari.HikariDataSource - HikariPool-1 - Starting...
2026-07-14 09:15:31.533 INFO  [http-nio-8080-exec-1] p.u.e.config.RequestLoggingFilter - Solicitud atendida metodo=GET path=/monitoring status=200 tiempoMs=7602
2026-07-14 09:15:34.375 WARN  [http-nio-8080-exec-3] p.u.e.config.RequestLoggingFilter - Solicitud advertencia metodo=GET path=/favicon.ico status=404 tiempoMs=15
2026-07-14 09:16:00.662 INFO  [http-nio-8080-exec-8] p.u.e.service.EventoSistemaService - [ADMIN-PANEL] Accion de administrador - accion: consulta_dashboard_monitoreo - timestamp: 2026-07-14 09:16:00
2026-07-14 09:16:00.664 INFO  [http-nio-8080-exec-8] com.zaxxer.hikari.HikariDataSource - HikariPool-1 - Starting...
2026-07-14 09:16:01.771 INFO  [http-nio-8080-exec-8] com.zaxxer.hikari.HikariDataSource - HikariPool-1 - Starting...
2026-07-14 09:16:02.788 INFO  [http-nio-8080-exec-8] com.zaxxer.hikari.HikariDataSource - HikariPool-1 - Starting...
2026-07-14 09:16:03.800 INFO  [http-nio-8080-exec-8] com.zaxxer.hikari.HikariDataSource - HikariPool-1 - Starting...
2026-07-14 09:16:04.817 INFO  [http-nio-8080-exec-8] com.zaxxer.hikari.HikariDataSource - HikariPool-1 - Starting...
2026-07-14 09:16:05.874 INFO  [http-nio-8080-exec-8] p.u.e.config.RequestLoggingFilter - Solicitud atendida metodo=GET path=/ status=200 tiempoMs=5214
2026-07-14 09:16:13.028 WARN  [http-nio-8080-exec-6] p.u.e.config.RequestLoggingFilter - Solicitud advertencia metodo=GET path=/login status=404 tiempoMs=6
2026-07-14 09:16:17.542 INFO  [http-nio-8080-exec-7] p.u.e.service.EventoSistemaService - [ADMIN-PANEL] Accion de administrador - accion: consulta_dashboard_monitoreo - timestamp: 2026-07-14 09:16:17
2026-07-14 09:16:17.542 INFO  [http-nio-8080-exec-7] com.zaxxer.hikari.HikariDataSource - HikariPool-1 - Starting...
2026-07-14 09:16:18.638 INFO  [http-nio-8080-exec-7] com.zaxxer.hikari.HikariDataSource - HikariPool-1 - Starting...
2026-07-14 09:16:19.649 INFO  [http-nio-8080-exec-7] com.zaxxer.hikari.HikariDataSource - HikariPool-1 - Starting...
2026-07-14 09:16:20.665 INFO  [http-nio-8080-exec-7] com.zaxxer.hikari.HikariDataSource - HikariPool-1 - Starting...
2026-07-14 09:16:21.678 INFO  [http-nio-8080-exec-7] com.zaxxer.hikari.HikariDataSource - HikariPool-1 - Starting...
2026-07-14 09:16:22.736 INFO  [http-nio-8080-exec-7] p.u.e.config.RequestLoggingFilter - Solicitud atendida metodo=GET path=/monitoring status=200 tiempoMs=5196
2026-07-14 09:16:40.694 INFO  [http-nio-8080-exec-2] com.zaxxer.hikari.HikariDataSource - HikariPool-1 - Starting...
2026-07-14 09:16:41.708 INFO  [http-nio-8080-exec-2] com.zaxxer.hikari.HikariDataSource - HikariPool-1 - Starting...
2026-07-14 09:16:42.717 INFO  [http-nio-8080-exec-2] com.zaxxer.hikari.HikariDataSource - HikariPool-1 - Starting...
2026-07-14 09:16:43.734 INFO  [http-nio-8080-exec-2] com.zaxxer.hikari.HikariDataSource - HikariPool-1 - Starting...
2026-07-14 09:16:44.922 INFO  [http-nio-8080-exec-2] p.u.e.config.RequestLoggingFilter - Solicitud atendida metodo=GET path=/actuator/prometheus status=200 tiempoMs=4263
2026-07-14 09:18:02.358 WARN  [http-nio-8080-exec-1] p.u.e.config.RequestLoggingFilter - Solicitud advertencia metodo=GET path=/index.php status=404 tiempoMs=6
2026-07-14 18:57:16.597 INFO  [restartedMain] pe.utp.estacionamiento.App - Starting App using Java 25.0.2 with PID 27368 (C:\Users\DREP\Downloads\ESTACIONAMIENTO_INTELIGENTE-integrado\ESTACIONAMIENTO_INTELIGENTE-main\target\classes started by DREP in C:\Users\DREP\Downloads\ESTACIONAMIENTO_INTELIGENTE-integrado\ESTACIONAMIENTO_INTELIGENTE-main)
2026-07-14 18:57:16.605 INFO  [restartedMain] pe.utp.estacionamiento.App - No active profile set, falling back to 1 default profile: "default"
2026-07-14 18:57:17.109 INFO  [restartedMain] o.s.b.d.e.DevToolsPropertyDefaultsPostProcessor - Devtools property defaults active! Set 'spring.devtools.add-properties' to 'false' to disable
2026-07-14 18:57:17.119 INFO  [restartedMain] o.s.b.d.e.DevToolsPropertyDefaultsPostProcessor - For additional web related logging consider setting the 'logging.level.web' property to 'DEBUG'
2026-07-14 18:57:32.194 INFO  [restartedMain] o.s.b.w.embedded.tomcat.TomcatWebServer - Tomcat initialized with port 8080 (http)
2026-07-14 18:57:32.243 INFO  [restartedMain] o.apache.coyote.http11.Http11NioProtocol - Initializing ProtocolHandler ["http-nio-8080"]
2026-07-14 18:57:32.250 INFO  [restartedMain] o.apache.catalina.core.StandardService - Starting service [Tomcat]
2026-07-14 18:57:32.254 INFO  [restartedMain] org.apache.catalina.core.StandardEngine - Starting Servlet engine: [Apache Tomcat/10.1.26]
2026-07-14 18:57:32.403 INFO  [restartedMain] o.a.c.c.C.[Tomcat].[localhost].[/] - Initializing Spring embedded WebApplicationContext
2026-07-14 18:57:32.408 INFO  [restartedMain] o.s.b.w.s.c.ServletWebServerApplicationContext - Root WebApplicationContext: initialization completed in 15273 ms
2026-07-14 18:57:36.050 INFO  [restartedMain] o.s.b.d.a.OptionalLiveReloadServer - LiveReload server is running on port 35729
2026-07-14 18:57:36.198 INFO  [restartedMain] o.s.b.a.e.web.EndpointLinksResolver - Exposing 7 endpoints beneath base path '/actuator'
2026-07-14 18:57:36.546 INFO  [restartedMain] o.apache.coyote.http11.Http11NioProtocol - Starting ProtocolHandler ["http-nio-8080"]
2026-07-14 18:57:36.644 INFO  [restartedMain] o.s.b.w.embedded.tomcat.TomcatWebServer - Tomcat started on port 8080 (http) with context path '/'
2026-07-14 18:57:36.718 INFO  [restartedMain] pe.utp.estacionamiento.App - Started App in 22.321 seconds (process running for 23.849)
2026-07-14 18:57:37.115 INFO  [restartedMain] p.u.e.service.EventoSistemaService - ============================================================
2026-07-14 18:57:37.116 INFO  [restartedMain] p.u.e.service.EventoSistemaService - INICIO DEL SISTEMA DE ESTACIONAMIENTO - [2026-07-14 18:57:37]
2026-07-14 18:57:37.121 INFO  [restartedMain] p.u.e.service.EventoSistemaService - Modulo de Monitoreo: ACTIVO
2026-07-14 18:57:37.131 INFO  [restartedMain] p.u.e.service.EventoSistemaService - Actuator: DISPONIBLE en http://localhost:8080/actuator
2026-07-14 18:57:37.132 INFO  [restartedMain] p.u.e.service.EventoSistemaService - Dashboard: DISPONIBLE en http://localhost:8080/monitoring
2026-07-14 18:57:37.133 INFO  [restartedMain] p.u.e.service.EventoSistemaService - ============================================================
2026-07-14 18:57:37.221 INFO  [http-nio-8080-exec-1] o.a.c.c.C.[Tomcat].[localhost].[/] - Initializing Spring DispatcherServlet 'dispatcherServlet'
2026-07-14 18:57:37.229 INFO  [http-nio-8080-exec-1] o.s.web.servlet.DispatcherServlet - Initializing Servlet 'dispatcherServlet'
2026-07-14 18:57:37.251 INFO  [http-nio-8080-exec-1] o.s.web.servlet.DispatcherServlet - Completed initialization in 8 ms
2026-07-14 18:57:37.456 INFO  [http-nio-8080-exec-1] p.u.e.service.EventoSistemaService - [ADMIN-PANEL] Accion de administrador - accion: consulta_dashboard_monitoreo - timestamp: 2026-07-14 18:57:37
2026-07-14 18:57:37.493 INFO  [http-nio-8080-exec-1] com.zaxxer.hikari.HikariDataSource - HikariPool-1 - Starting...
2026-07-14 18:57:44.845 INFO  [http-nio-8080-exec-1] com.zaxxer.hikari.HikariDataSource - HikariPool-1 - Starting...
2026-07-14 18:57:45.878 INFO  [http-nio-8080-exec-1] com.zaxxer.hikari.HikariDataSource - HikariPool-1 - Starting...
2026-07-14 18:57:46.901 INFO  [http-nio-8080-exec-1] com.zaxxer.hikari.HikariDataSource - HikariPool-1 - Starting...
2026-07-14 18:57:47.929 INFO  [http-nio-8080-exec-1] com.zaxxer.hikari.HikariDataSource - HikariPool-1 - Starting...
2026-07-14 18:57:50.297 INFO  [http-nio-8080-exec-1] p.u.e.config.RequestLoggingFilter - Solicitud atendida metodo=GET path=/ status=200 tiempoMs=12969
2026-07-14 18:57:53.627 WARN  [http-nio-8080-exec-4] p.u.e.config.RequestLoggingFilter - Solicitud advertencia metodo=GET path=/favicon.ico status=404 tiempoMs=101
2026-07-14 18:58:28.725 INFO  [http-nio-8080-exec-5] com.zaxxer.hikari.HikariDataSource - HikariPool-1 - Starting...
2026-07-14 18:58:29.765 INFO  [http-nio-8080-exec-5] com.zaxxer.hikari.HikariDataSource - HikariPool-1 - Starting...
2026-07-14 18:58:30.791 INFO  [http-nio-8080-exec-5] com.zaxxer.hikari.HikariDataSource - HikariPool-1 - Starting...
2026-07-14 18:58:31.804 INFO  [http-nio-8080-exec-5] com.zaxxer.hikari.HikariDataSource - HikariPool-1 - Starting...
2026-07-14 18:58:33.121 INFO  [http-nio-8080-exec-5] p.u.e.config.RequestLoggingFilter - Solicitud atendida metodo=GET path=/actuator/prometheus status=200 tiempoMs=4594
2026-07-14 18:59:23.073 INFO  [restartedMain] pe.utp.estacionamiento.App - Starting App using Java 21.0.10 with PID 18260 (C:\Users\DREP\Downloads\estacionamiento-utp\ESTACIONAMIENTO_INTELIGENTE\target\classes started by DREP in C:\Users\DREP\Downloads\ESTACIONAMIENTO_INTELIGENTE-integrado\ESTACIONAMIENTO_INTELIGENTE-main)
2026-07-14 18:59:23.077 INFO  [restartedMain] pe.utp.estacionamiento.App - No active profile set, falling back to 1 default profile: "default"
2026-07-14 18:59:23.233 INFO  [restartedMain] o.s.b.d.e.DevToolsPropertyDefaultsPostProcessor - Devtools property defaults active! Set 'spring.devtools.add-properties' to 'false' to disable
2026-07-14 18:59:23.235 INFO  [restartedMain] o.s.b.d.e.DevToolsPropertyDefaultsPostProcessor - For additional web related logging consider setting the 'logging.level.web' property to 'DEBUG'
2026-07-14 18:59:26.925 INFO  [restartedMain] o.s.b.w.embedded.tomcat.TomcatWebServer - Tomcat initialized with port 8080 (http)
2026-07-14 18:59:26.971 INFO  [restartedMain] o.apache.coyote.http11.Http11NioProtocol - Initializing ProtocolHandler ["http-nio-8080"]
2026-07-14 18:59:26.978 INFO  [restartedMain] o.apache.catalina.core.StandardService - Starting service [Tomcat]
2026-07-14 18:59:26.978 INFO  [restartedMain] org.apache.catalina.core.StandardEngine - Starting Servlet engine: [Apache Tomcat/10.1.26]
2026-07-14 18:59:27.093 INFO  [restartedMain] o.a.c.c.C.[Tomcat].[localhost].[/] - Initializing Spring embedded WebApplicationContext
2026-07-14 18:59:27.093 INFO  [restartedMain] o.s.b.w.s.c.ServletWebServerApplicationContext - Root WebApplicationContext: initialization completed in 3855 ms
2026-07-14 18:59:29.926 WARN  [restartedMain] o.s.b.d.a.OptionalLiveReloadServer - Unable to start LiveReload server
2026-07-14 18:59:29.995 INFO  [restartedMain] o.s.b.a.e.web.EndpointLinksResolver - Exposing 7 endpoints beneath base path '/actuator'
2026-07-14 18:59:30.194 INFO  [restartedMain] o.apache.coyote.http11.Http11NioProtocol - Starting ProtocolHandler ["http-nio-8080"]
2026-07-14 18:59:30.214 WARN  [restartedMain] o.s.b.w.s.c.AnnotationConfigServletWebServerApplicationContext - Exception encountered during context initialization - cancelling refresh attempt: org.springframework.context.ApplicationContextException: Failed to start bean 'webServerStartStop'
2026-07-14 18:59:30.314 INFO  [restartedMain] o.s.b.a.l.ConditionEvaluationReportLogger - 

Error starting ApplicationContext. To display the condition evaluation report re-run your application with 'debug' enabled.
2026-07-14 18:59:30.557 ERROR [restartedMain] o.s.b.d.LoggingFailureAnalysisReporter - 

***************************
APPLICATION FAILED TO START
***************************

Description:

Web server failed to start. Port 8080 was already in use.

Action:

Identify and stop the process that's listening on port 8080 or configure this application to listen on another port.

2026-07-14 19:03:18.636 INFO  [restartedMain] pe.utp.estacionamiento.App - Starting App using Java 21.0.10 with PID 22756 (C:\Users\DREP\Downloads\estacionamiento-utp\ESTACIONAMIENTO_INTELIGENTE\target\classes started by DREP in c:\Users\DREP\Downloads\ESTACIONAMIENTO_INTELIGENTE-integrado\ESTACIONAMIENTO_INTELIGENTE-main)
2026-07-14 19:03:18.638 INFO  [restartedMain] pe.utp.estacionamiento.App - No active profile set, falling back to 1 default profile: "default"
2026-07-14 19:03:18.710 INFO  [restartedMain] o.s.b.d.e.DevToolsPropertyDefaultsPostProcessor - Devtools property defaults active! Set 'spring.devtools.add-properties' to 'false' to disable
2026-07-14 19:03:18.711 INFO  [restartedMain] o.s.b.d.e.DevToolsPropertyDefaultsPostProcessor - For additional web related logging consider setting the 'logging.level.web' property to 'DEBUG'
2026-07-14 19:03:20.861 INFO  [restartedMain] o.s.b.w.embedded.tomcat.TomcatWebServer - Tomcat initialized with port 8080 (http)
2026-07-14 19:03:20.881 INFO  [restartedMain] o.apache.coyote.http11.Http11NioProtocol - Initializing ProtocolHandler ["http-nio-8080"]
2026-07-14 19:03:20.884 INFO  [restartedMain] o.apache.catalina.core.StandardService - Starting service [Tomcat]
2026-07-14 19:03:20.885 INFO  [restartedMain] org.apache.catalina.core.StandardEngine - Starting Servlet engine: [Apache Tomcat/10.1.26]
2026-07-14 19:03:20.949 INFO  [restartedMain] o.a.c.c.C.[Tomcat].[localhost].[/] - Initializing Spring embedded WebApplicationContext
2026-07-14 19:03:20.950 INFO  [restartedMain] o.s.b.w.s.c.ServletWebServerApplicationContext - Root WebApplicationContext: initialization completed in 2238 ms
2026-07-14 19:03:22.873 INFO  [restartedMain] o.s.b.d.a.OptionalLiveReloadServer - LiveReload server is running on port 35729
2026-07-14 19:03:22.897 INFO  [restartedMain] o.s.b.a.e.web.EndpointLinksResolver - Exposing 7 endpoints beneath base path '/actuator'
2026-07-14 19:03:23.018 INFO  [restartedMain] o.apache.coyote.http11.Http11NioProtocol - Starting ProtocolHandler ["http-nio-8080"]
2026-07-14 19:03:23.062 INFO  [restartedMain] o.s.b.w.embedded.tomcat.TomcatWebServer - Tomcat started on port 8080 (http) with context path '/'
2026-07-14 19:03:23.086 INFO  [restartedMain] pe.utp.estacionamiento.App - Started App in 5.198 seconds (process running for 5.738)
2026-07-14 19:03:23.274 INFO  [restartedMain] p.u.e.service.EventoSistemaService - ============================================================
2026-07-14 19:03:23.275 INFO  [restartedMain] p.u.e.service.EventoSistemaService - INICIO DEL SISTEMA DE ESTACIONAMIENTO - [2026-07-14 19:03:23]
2026-07-14 19:03:23.279 INFO  [restartedMain] p.u.e.service.EventoSistemaService - Modulo de Monitoreo: ACTIVO
2026-07-14 19:03:23.280 INFO  [restartedMain] p.u.e.service.EventoSistemaService - Actuator: DISPONIBLE en http://localhost:8080/actuator
2026-07-14 19:03:23.280 INFO  [restartedMain] p.u.e.service.EventoSistemaService - Dashboard: DISPONIBLE en http://localhost:8080/monitoring
2026-07-14 19:03:23.280 INFO  [restartedMain] p.u.e.service.EventoSistemaService - ============================================================
2026-07-14 19:03:46.091 INFO  [restartedMain] pe.utp.estacionamiento.App - Starting App using Java 21.0.10 with PID 27060 (C:\Users\DREP\Downloads\estacionamiento-utp\ESTACIONAMIENTO_INTELIGENTE\target\classes started by DREP in c:\Users\DREP\Downloads\ESTACIONAMIENTO_INTELIGENTE-integrado\ESTACIONAMIENTO_INTELIGENTE-main)
2026-07-14 19:03:46.094 INFO  [restartedMain] pe.utp.estacionamiento.App - No active profile set, falling back to 1 default profile: "default"
2026-07-14 19:03:46.183 INFO  [restartedMain] o.s.b.d.e.DevToolsPropertyDefaultsPostProcessor - Devtools property defaults active! Set 'spring.devtools.add-properties' to 'false' to disable
2026-07-14 19:03:46.184 INFO  [restartedMain] o.s.b.d.e.DevToolsPropertyDefaultsPostProcessor - For additional web related logging consider setting the 'logging.level.web' property to 'DEBUG'
2026-07-14 19:03:48.533 INFO  [restartedMain] o.s.b.w.embedded.tomcat.TomcatWebServer - Tomcat initialized with port 8080 (http)
2026-07-14 19:03:48.547 INFO  [restartedMain] o.apache.coyote.http11.Http11NioProtocol - Initializing ProtocolHandler ["http-nio-8080"]
2026-07-14 19:03:48.549 INFO  [restartedMain] o.apache.catalina.core.StandardService - Starting service [Tomcat]
2026-07-14 19:03:48.550 INFO  [restartedMain] org.apache.catalina.core.StandardEngine - Starting Servlet engine: [Apache Tomcat/10.1.26]
2026-07-14 19:03:48.604 INFO  [restartedMain] o.a.c.c.C.[Tomcat].[localhost].[/] - Initializing Spring embedded WebApplicationContext
2026-07-14 19:03:48.605 INFO  [restartedMain] o.s.b.w.s.c.ServletWebServerApplicationContext - Root WebApplicationContext: initialization completed in 2419 ms
2026-07-14 19:03:49.832 INFO  [restartedMain] o.s.b.d.a.OptionalLiveReloadServer - LiveReload server is running on port 35729
2026-07-14 19:03:49.854 INFO  [restartedMain] o.s.b.a.e.web.EndpointLinksResolver - Exposing 7 endpoints beneath base path '/actuator'
2026-07-14 19:03:49.955 INFO  [restartedMain] o.apache.coyote.http11.Http11NioProtocol - Starting ProtocolHandler ["http-nio-8080"]
2026-07-14 19:03:49.995 INFO  [restartedMain] o.s.b.w.embedded.tomcat.TomcatWebServer - Tomcat started on port 8080 (http) with context path '/'
2026-07-14 19:03:50.017 INFO  [restartedMain] pe.utp.estacionamiento.App - Started App in 4.533 seconds (process running for 5.076)
2026-07-14 19:03:50.130 INFO  [restartedMain] p.u.e.service.EventoSistemaService - ============================================================
2026-07-14 19:03:50.130 INFO  [restartedMain] p.u.e.service.EventoSistemaService - INICIO DEL SISTEMA DE ESTACIONAMIENTO - [2026-07-14 19:03:50]
2026-07-14 19:03:50.136 INFO  [restartedMain] p.u.e.service.EventoSistemaService - Modulo de Monitoreo: ACTIVO
2026-07-14 19:03:50.137 INFO  [restartedMain] p.u.e.service.EventoSistemaService - Actuator: DISPONIBLE en http://localhost:8080/actuator
2026-07-14 19:03:50.138 INFO  [restartedMain] p.u.e.service.EventoSistemaService - Dashboard: DISPONIBLE en http://localhost:8080/monitoring
2026-07-14 19:03:50.139 INFO  [restartedMain] p.u.e.service.EventoSistemaService - ============================================================
2026-07-14 19:03:50.596 INFO  [http-nio-8080-exec-1] o.a.c.c.C.[Tomcat].[localhost].[/] - Initializing Spring DispatcherServlet 'dispatcherServlet'
2026-07-14 19:03:50.597 INFO  [http-nio-8080-exec-1] o.s.web.servlet.DispatcherServlet - Initializing Servlet 'dispatcherServlet'
2026-07-14 19:03:50.599 INFO  [http-nio-8080-exec-1] o.s.web.servlet.DispatcherServlet - Completed initialization in 2 ms
2026-07-14 19:03:50.677 INFO  [http-nio-8080-exec-1] p.u.e.service.EventoSistemaService - [ADMIN-PANEL] Accion de administrador - accion: consulta_dashboard_monitoreo - timestamp: 2026-07-14 19:03:50
2026-07-14 19:03:50.687 INFO  [http-nio-8080-exec-1] com.zaxxer.hikari.HikariDataSource - HikariPool-1 - Starting...
2026-07-14 19:03:50.991 INFO  [http-nio-8080-exec-1] com.zaxxer.hikari.pool.HikariPool - HikariPool-1 - Added connection com.mysql.cj.jdbc.ConnectionImpl@3a817d8b
2026-07-14 19:03:51.000 INFO  [http-nio-8080-exec-1] com.zaxxer.hikari.HikariDataSource - HikariPool-1 - Start completed.
2026-07-14 19:03:52.408 ERROR [http-nio-8080-exec-1] org.thymeleaf.TemplateEngine - [THYMELEAF][http-nio-8080-exec-1] Exception processing template "monitoring": An error happened during template parsing (template: "class path resource [templates/monitoring.html]")
org.thymeleaf.exceptions.TemplateInputException: An error happened during template parsing (template: "class path resource [templates/monitoring.html]")
	at org.thymeleaf.templateparser.markup.AbstractMarkupTemplateParser.parse(AbstractMarkupTemplateParser.java:241)
	at org.thymeleaf.templateparser.markup.AbstractMarkupTemplateParser.parseStandalone(AbstractMarkupTemplateParser.java:100)
	at org.thymeleaf.engine.TemplateManager.parseAndProcess(TemplateManager.java:666)
	at org.thymeleaf.TemplateEngine.process(TemplateEngine.java:1103)
	at org.thymeleaf.TemplateEngine.process(TemplateEngine.java:1077)
	at org.thymeleaf.spring6.view.ThymeleafView.renderFragment(ThymeleafView.java:372)
	at org.thymeleaf.spring6.view.ThymeleafView.render(ThymeleafView.java:192)
	at org.springframework.web.servlet.DispatcherServlet.render(DispatcherServlet.java:1431)
	at org.springframework.web.servlet.DispatcherServlet.processDispatchResult(DispatcherServlet.java:1167)
	at org.springframework.web.servlet.DispatcherServlet.doDispatch(DispatcherServlet.java:1106)
	at org.springframework.web.servlet.DispatcherServlet.doService(DispatcherServlet.java:979)
	at org.springframework.web.servlet.FrameworkServlet.processRequest(FrameworkServlet.java:1014)
	at org.springframework.web.servlet.FrameworkServlet.doGet(FrameworkServlet.java:903)
	at jakarta.servlet.http.HttpServlet.service(HttpServlet.java:564)
	at org.springframework.web.servlet.FrameworkServlet.service(FrameworkServlet.java:885)
	at jakarta.servlet.http.HttpServlet.service(HttpServlet.java:658)
	at org.apache.catalina.core.ApplicationFilterChain.internalDoFilter(ApplicationFilterChain.java:195)
	at org.apache.catalina.core.ApplicationFilterChain.doFilter(ApplicationFilterChain.java:140)
	at org.apache.tomcat.websocket.server.WsFilter.doFilter(WsFilter.java:51)
	at org.apache.catalina.core.ApplicationFilterChain.internalDoFilter(ApplicationFilterChain.java:164)
	at org.apache.catalina.core.ApplicationFilterChain.doFilter(ApplicationFilterChain.java:140)
	at pe.utp.estacionamiento.config.RequestLoggingFilter.doFilterInternal(RequestLoggingFilter.java:23)
	at org.springframework.web.filter.OncePerRequestFilter.doFilter(OncePerRequestFilter.java:116)
	at org.apache.catalina.core.ApplicationFilterChain.internalDoFilter(ApplicationFilterChain.java:164)
	at org.apache.catalina.core.ApplicationFilterChain.doFilter(ApplicationFilterChain.java:140)
	at org.springframework.web.filter.RequestContextFilter.doFilterInternal(RequestContextFilter.java:100)
	at org.springframework.web.filter.OncePerRequestFilter.doFilter(OncePerRequestFilter.java:116)
	at org.apache.catalina.core.ApplicationFilterChain.internalDoFilter(ApplicationFilterChain.java:164)
	at org.apache.catalina.core.ApplicationFilterChain.doFilter(ApplicationFilterChain.java:140)
	at org.springframework.web.filter.FormContentFilter.doFilterInternal(FormContentFilter.java:93)
	at org.springframework.web.filter.OncePerRequestFilter.doFilter(OncePerRequestFilter.java:116)
	at org.apache.catalina.core.ApplicationFilterChain.internalDoFilter(ApplicationFilterChain.java:164)
	at org.apache.catalina.core.ApplicationFilterChain.doFilter(ApplicationFilterChain.java:140)
	at org.springframework.web.filter.ServerHttpObservationFilter.doFilterInternal(ServerHttpObservationFilter.java:113)
	at org.springframework.web.filter.OncePerRequestFilter.doFilter(OncePerRequestFilter.java:116)
	at org.apache.catalina.core.ApplicationFilterChain.internalDoFilter(ApplicationFilterChain.java:164)
	at org.apache.catalina.core.ApplicationFilterChain.doFilter(ApplicationFilterChain.java:140)
	at org.springframework.web.filter.CharacterEncodingFilter.doFilterInternal(CharacterEncodingFilter.java:201)
	at org.springframework.web.filter.OncePerRequestFilter.doFilter(OncePerRequestFilter.java:116)
	at org.apache.catalina.core.ApplicationFilterChain.internalDoFilter(ApplicationFilterChain.java:164)
	at org.apache.catalina.core.ApplicationFilterChain.doFilter(ApplicationFilterChain.java:140)
	at org.apache.catalina.core.StandardWrapperValve.invoke(StandardWrapperValve.java:167)
	at org.apache.catalina.core.StandardContextValve.invoke(StandardContextValve.java:90)
	at org.apache.catalina.authenticator.AuthenticatorBase.invoke(AuthenticatorBase.java:483)
	at org.apache.catalina.core.StandardHostValve.invoke(StandardHostValve.java:115)
	at org.apache.catalina.valves.ErrorReportValve.invoke(ErrorReportValve.java:93)
	at org.apache.catalina.core.StandardEngineValve.invoke(StandardEngineValve.java:74)
	at org.apache.catalina.connector.CoyoteAdapter.service(CoyoteAdapter.java:344)
	at org.apache.coyote.http11.Http11Processor.service(Http11Processor.java:389)
	at org.apache.coyote.AbstractProcessorLight.process(AbstractProcessorLight.java:63)
	at org.apache.coyote.AbstractProtocol$ConnectionHandler.process(AbstractProtocol.java:904)
	at org.apache.tomcat.util.net.NioEndpoint$SocketProcessor.doRun(NioEndpoint.java:1741)
	at org.apache.tomcat.util.net.SocketProcessorBase.run(SocketProcessorBase.java:52)
	at org.apache.tomcat.util.threads.ThreadPoolExecutor.runWorker(ThreadPoolExecutor.java:1190)
	at org.apache.tomcat.util.threads.ThreadPoolExecutor$Worker.run(ThreadPoolExecutor.java:659)
	at org.apache.tomcat.util.threads.TaskThread$WrappingRunnable.run(TaskThread.java:63)
	at java.base/java.lang.Thread.run(Thread.java:1583)
Caused by: org.attoparser.ParseException: Could not parse as expression: "${line.contains(' INFO ')} ? 'log-info' : ${line.contains(' WARN ')} ? 'log-warn' : ${line.contains(' ERROR ')} ? 'log-error' : 'log-debug'" (template: "monitoring" - line 424, col 34)
	at org.attoparser.MarkupParser.parseDocument(MarkupParser.java:393)
	at org.attoparser.MarkupParser.parse(MarkupParser.java:257)
	at org.thymeleaf.templateparser.markup.AbstractMarkupTemplateParser.parse(AbstractMarkupTemplateParser.java:230)
	... 56 common frames omitted
Caused by: org.thymeleaf.exceptions.TemplateProcessingException: Could not parse as expression: "${line.contains(' INFO ')} ? 'log-info' : ${line.contains(' WARN ')} ? 'log-warn' : ${line.contains(' ERROR ')} ? 'log-error' : 'log-debug'" (template: "monitoring" - line 424, col 34)
	at org.thymeleaf.standard.expression.StandardExpressionParser.parseExpression(StandardExpressionParser.java:131)
	at org.thymeleaf.standard.expression.StandardExpressionParser.parseExpression(StandardExpressionParser.java:62)
	at org.thymeleaf.standard.expression.StandardExpressionParser.parseExpression(StandardExpressionParser.java:44)
	at org.thymeleaf.engine.EngineEventUtils.parseAttributeExpression(EngineEventUtils.java:220)
	at org.thymeleaf.engine.EngineEventUtils.computeAttributeExpression(EngineEventUtils.java:207)
	at org.thymeleaf.standard.processor.AbstractStandardExpressionAttributeTagProcessor.doProcess(AbstractStandardExpressionAttributeTagProcessor.java:125)
	at org.thymeleaf.processor.element.AbstractAttributeTagProcessor.doProcess(AbstractAttributeTagProcessor.java:74)
	at org.thymeleaf.processor.element.AbstractElementTagProcessor.process(AbstractElementTagProcessor.java:95)
	at org.thymeleaf.util.ProcessorConfigurationUtils$ElementTagProcessorWrapper.process(ProcessorConfigurationUtils.java:633)
	at org.thymeleaf.engine.ProcessorTemplateHandler.handleOpenElement(ProcessorTemplateHandler.java:1314)
	at org.thymeleaf.engine.OpenElementTag.beHandled(OpenElementTag.java:205)
	at org.thymeleaf.engine.Model.process(Model.java:282)
	at org.thymeleaf.engine.Model.process(Model.java:290)
	at org.thymeleaf.engine.IteratedGatheringModelProcessable.processIterationModel(IteratedGatheringModelProcessable.java:368)
	at org.thymeleaf.engine.IteratedGatheringModelProcessable.process(IteratedGatheringModelProcessable.java:222)
	at org.thymeleaf.engine.ProcessorTemplateHandler.handleCloseElement(ProcessorTemplateHandler.java:1640)
	at org.thymeleaf.engine.TemplateHandlerAdapterMarkupHandler.handleCloseElementEnd(TemplateHandlerAdapterMarkupHandler.java:388)
	at org.thymeleaf.templateparser.markup.InlinedOutputExpressionMarkupHandler$InlineMarkupAdapterPreProcessorHandler.handleCloseElementEnd(InlinedOutputExpressionMarkupHandler.java:322)
	at org.thymeleaf.standard.inline.OutputExpressionInlinePreProcessorHandler.handleCloseElementEnd(OutputExpressionInlinePreProcessorHandler.java:220)
	at org.thymeleaf.templateparser.markup.InlinedOutputExpressionMarkupHandler.handleCloseElementEnd(InlinedOutputExpressionMarkupHandler.java:164)
	at org.attoparser.HtmlElement.handleCloseElementEnd(HtmlElement.java:169)
	at org.attoparser.HtmlMarkupHandler.handleCloseElementEnd(HtmlMarkupHandler.java:412)
	at org.attoparser.MarkupEventProcessorHandler.handleCloseElementEnd(MarkupEventProcessorHandler.java:473)
	at org.attoparser.ParsingElementMarkupUtil.parseCloseElement(ParsingElementMarkupUtil.java:201)
	at org.attoparser.MarkupParser.parseBuffer(MarkupParser.java:725)
	at org.attoparser.MarkupParser.parseDocument(MarkupParser.java:301)
	... 58 common frames omitted
2026-07-14 19:03:52.414 INFO  [http-nio-8080-exec-1] p.u.e.config.RequestLoggingFilter - Solicitud atendida metodo=GET path=/ status=200 tiempoMs=1783
2026-07-14 19:03:52.416 ERROR [http-nio-8080-exec-1] o.a.c.c.C.[.[.[/].[dispatcherServlet] - Servlet.service() for servlet [dispatcherServlet] in context with path [] threw exception [Request processing failed: org.thymeleaf.exceptions.TemplateInputException: An error happened during template parsing (template: "class path resource [templates/monitoring.html]")] with root cause
org.thymeleaf.exceptions.TemplateProcessingException: Could not parse as expression: "${line.contains(' INFO ')} ? 'log-info' : ${line.contains(' WARN ')} ? 'log-warn' : ${line.contains(' ERROR ')} ? 'log-error' : 'log-debug'" (template: "monitoring" - line 424, col 34)
	at org.thymeleaf.standard.expression.StandardExpressionParser.parseExpression(StandardExpressionParser.java:131)
	at org.thymeleaf.standard.expression.StandardExpressionParser.parseExpression(StandardExpressionParser.java:62)
	at org.thymeleaf.standard.expression.StandardExpressionParser.parseExpression(StandardExpressionParser.java:44)
	at org.thymeleaf.engine.EngineEventUtils.parseAttributeExpression(EngineEventUtils.java:220)
	at org.thymeleaf.engine.EngineEventUtils.computeAttributeExpression(EngineEventUtils.java:207)
	at org.thymeleaf.standard.processor.AbstractStandardExpressionAttributeTagProcessor.doProcess(AbstractStandardExpressionAttributeTagProcessor.java:125)
	at org.thymeleaf.processor.element.AbstractAttributeTagProcessor.doProcess(AbstractAttributeTagProcessor.java:74)
	at org.thymeleaf.processor.element.AbstractElementTagProcessor.process(AbstractElementTagProcessor.java:95)
	at org.thymeleaf.util.ProcessorConfigurationUtils$ElementTagProcessorWrapper.process(ProcessorConfigurationUtils.java:633)
	at org.thymeleaf.engine.ProcessorTemplateHandler.handleOpenElement(ProcessorTemplateHandler.java:1314)
	at org.thymeleaf.engine.OpenElementTag.beHandled(OpenElementTag.java:205)
	at org.thymeleaf.engine.Model.process(Model.java:282)
	at org.thymeleaf.engine.Model.process(Model.java:290)
	at org.thymeleaf.engine.IteratedGatheringModelProcessable.processIterationModel(IteratedGatheringModelProcessable.java:368)
	at org.thymeleaf.engine.IteratedGatheringModelProcessable.process(IteratedGatheringModelProcessable.java:222)
	at org.thymeleaf.engine.ProcessorTemplateHandler.handleCloseElement(ProcessorTemplateHandler.java:1640)
	at org.thymeleaf.engine.TemplateHandlerAdapterMarkupHandler.handleCloseElementEnd(TemplateHandlerAdapterMarkupHandler.java:388)
	at org.thymeleaf.templateparser.markup.InlinedOutputExpressionMarkupHandler$InlineMarkupAdapterPreProcessorHandler.handleCloseElementEnd(InlinedOutputExpressionMarkupHandler.java:322)
	at org.thymeleaf.standard.inline.OutputExpressionInlinePreProcessorHandler.handleCloseElementEnd(OutputExpressionInlinePreProcessorHandler.java:220)
	at org.thymeleaf.templateparser.markup.InlinedOutputExpressionMarkupHandler.handleCloseElementEnd(InlinedOutputExpressionMarkupHandler.java:164)
	at org.attoparser.HtmlElement.handleCloseElementEnd(HtmlElement.java:169)
	at org.attoparser.HtmlMarkupHandler.handleCloseElementEnd(HtmlMarkupHandler.java:412)
	at org.attoparser.MarkupEventProcessorHandler.handleCloseElementEnd(MarkupEventProcessorHandler.java:473)
	at org.attoparser.ParsingElementMarkupUtil.parseCloseElement(ParsingElementMarkupUtil.java:201)
	at org.attoparser.MarkupParser.parseBuffer(MarkupParser.java:725)
	at org.attoparser.MarkupParser.parseDocument(MarkupParser.java:301)
	at org.attoparser.MarkupParser.parse(MarkupParser.java:257)
	at org.thymeleaf.templateparser.markup.AbstractMarkupTemplateParser.parse(AbstractMarkupTemplateParser.java:230)
	at org.thymeleaf.templateparser.markup.AbstractMarkupTemplateParser.parseStandalone(AbstractMarkupTemplateParser.java:100)
	at org.thymeleaf.engine.TemplateManager.parseAndProcess(TemplateManager.java:666)
	at org.thymeleaf.TemplateEngine.process(TemplateEngine.java:1103)
	at org.thymeleaf.TemplateEngine.process(TemplateEngine.java:1077)
	at org.thymeleaf.spring6.view.ThymeleafView.renderFragment(ThymeleafView.java:372)
	at org.thymeleaf.spring6.view.ThymeleafView.render(ThymeleafView.java:192)
	at org.springframework.web.servlet.DispatcherServlet.render(DispatcherServlet.java:1431)
	at org.springframework.web.servlet.DispatcherServlet.processDispatchResult(DispatcherServlet.java:1167)
	at org.springframework.web.servlet.DispatcherServlet.doDispatch(DispatcherServlet.java:1106)
	at org.springframework.web.servlet.DispatcherServlet.doService(DispatcherServlet.java:979)
	at org.springframework.web.servlet.FrameworkServlet.processRequest(FrameworkServlet.java:1014)
	at org.springframework.web.servlet.FrameworkServlet.doGet(FrameworkServlet.java:903)
	at jakarta.servlet.http.HttpServlet.service(HttpServlet.java:564)
	at org.springframework.web.servlet.FrameworkServlet.service(FrameworkServlet.java:885)
	at jakarta.servlet.http.HttpServlet.service(HttpServlet.java:658)
	at org.apache.catalina.core.ApplicationFilterChain.internalDoFilter(ApplicationFilterChain.java:195)
	at org.apache.catalina.core.ApplicationFilterChain.doFilter(ApplicationFilterChain.java:140)
	at org.apache.tomcat.websocket.server.WsFilter.doFilter(WsFilter.java:51)
	at org.apache.catalina.core.ApplicationFilterChain.internalDoFilter(ApplicationFilterChain.java:164)
	at org.apache.catalina.core.ApplicationFilterChain.doFilter(ApplicationFilterChain.java:140)
	at pe.utp.estacionamiento.config.RequestLoggingFilter.doFilterInternal(RequestLoggingFilter.java:23)
	at org.springframework.web.filter.OncePerRequestFilter.doFilter(OncePerRequestFilter.java:116)
	at org.apache.catalina.core.ApplicationFilterChain.internalDoFilter(ApplicationFilterChain.java:164)
	at org.apache.catalina.core.ApplicationFilterChain.doFilter(ApplicationFilterChain.java:140)
	at org.springframework.web.filter.RequestContextFilter.doFilterInternal(RequestContextFilter.java:100)
	at org.springframework.web.filter.OncePerRequestFilter.doFilter(OncePerRequestFilter.java:116)
	at org.apache.catalina.core.ApplicationFilterChain.internalDoFilter(ApplicationFilterChain.java:164)
	at org.apache.catalina.core.ApplicationFilterChain.doFilter(ApplicationFilterChain.java:140)
	at org.springframework.web.filter.FormContentFilter.doFilterInternal(FormContentFilter.java:93)
	at org.springframework.web.filter.OncePerRequestFilter.doFilter(OncePerRequestFilter.java:116)
	at org.apache.catalina.core.ApplicationFilterChain.internalDoFilter(ApplicationFilterChain.java:164)
	at org.apache.catalina.core.ApplicationFilterChain.doFilter(ApplicationFilterChain.java:140)
	at org.springframework.web.filter.ServerHttpObservationFilter.doFilterInternal(ServerHttpObservationFilter.java:113)
	at org.springframework.web.filter.OncePerRequestFilter.doFilter(OncePerRequestFilter.java:116)
	at org.apache.catalina.core.ApplicationFilterChain.internalDoFilter(ApplicationFilterChain.java:164)
	at org.apache.catalina.core.ApplicationFilterChain.doFilter(ApplicationFilterChain.java:140)
	at org.springframework.web.filter.CharacterEncodingFilter.doFilterInternal(CharacterEncodingFilter.java:201)
	at org.springframework.web.filter.OncePerRequestFilter.doFilter(OncePerRequestFilter.java:116)
	at org.apache.catalina.core.ApplicationFilterChain.internalDoFilter(ApplicationFilterChain.java:164)
	at org.apache.catalina.core.ApplicationFilterChain.doFilter(ApplicationFilterChain.java:140)
	at org.apache.catalina.core.StandardWrapperValve.invoke(StandardWrapperValve.java:167)
	at org.apache.catalina.core.StandardContextValve.invoke(StandardContextValve.java:90)
	at org.apache.catalina.authenticator.AuthenticatorBase.invoke(AuthenticatorBase.java:483)
	at org.apache.catalina.core.StandardHostValve.invoke(StandardHostValve.java:115)
	at org.apache.catalina.valves.ErrorReportValve.invoke(ErrorReportValve.java:93)
	at org.apache.catalina.core.StandardEngineValve.invoke(StandardEngineValve.java:74)
	at org.apache.catalina.connector.CoyoteAdapter.service(CoyoteAdapter.java:344)
	at org.apache.coyote.http11.Http11Processor.service(Http11Processor.java:389)
	at org.apache.coyote.AbstractProcessorLight.process(AbstractProcessorLight.java:63)
	at org.apache.coyote.AbstractProtocol$ConnectionHandler.process(AbstractProtocol.java:904)
	at org.apache.tomcat.util.net.NioEndpoint$SocketProcessor.doRun(NioEndpoint.java:1741)
	at org.apache.tomcat.util.net.SocketProcessorBase.run(SocketProcessorBase.java:52)
	at org.apache.tomcat.util.threads.ThreadPoolExecutor.runWorker(ThreadPoolExecutor.java:1190)
	at org.apache.tomcat.util.threads.ThreadPoolExecutor$Worker.run(ThreadPoolExecutor.java:659)
	at org.apache.tomcat.util.threads.TaskThread$WrappingRunnable.run(TaskThread.java:63)
	at java.base/java.lang.Thread.run(Thread.java:1583)
2026-07-14 19:03:52.450 ERROR [http-nio-8080-exec-1] o.s.b.a.w.s.e.ErrorMvcAutoConfiguration$StaticView - Cannot render error page for request [/] and exception [An error happened during template parsing (template: "class path resource [templates/monitoring.html]")] as the response has already been committed. As a result, the response may have the wrong status code.
2026-07-14 19:05:57.088 INFO  [SpringApplicationShutdownHook] com.zaxxer.hikari.HikariDataSource - HikariPool-1 - Shutdown initiated...
2026-07-14 19:05:57.132 INFO  [SpringApplicationShutdownHook] com.zaxxer.hikari.HikariDataSource - HikariPool-1 - Shutdown completed.
2026-07-14 19:06:06.970 INFO  [restartedMain] pe.utp.estacionamiento.App - Starting App using Java 21.0.10 with PID 17728 (C:\Users\DREP\Downloads\estacionamiento-utp\ESTACIONAMIENTO_INTELIGENTE\target\classes started by DREP in c:\Users\DREP\Downloads\ESTACIONAMIENTO_INTELIGENTE-integrado\ESTACIONAMIENTO_INTELIGENTE-main)
2026-07-14 19:06:06.974 INFO  [restartedMain] pe.utp.estacionamiento.App - No active profile set, falling back to 1 default profile: "default"
2026-07-14 19:06:07.067 INFO  [restartedMain] o.s.b.d.e.DevToolsPropertyDefaultsPostProcessor - Devtools property defaults active! Set 'spring.devtools.add-properties' to 'false' to disable
2026-07-14 19:06:07.068 INFO  [restartedMain] o.s.b.d.e.DevToolsPropertyDefaultsPostProcessor - For additional web related logging consider setting the 'logging.level.web' property to 'DEBUG'
2026-07-14 19:06:09.219 INFO  [restartedMain] o.s.b.w.embedded.tomcat.TomcatWebServer - Tomcat initialized with port 8080 (http)
2026-07-14 19:06:09.237 INFO  [restartedMain] o.apache.coyote.http11.Http11NioProtocol - Initializing ProtocolHandler ["http-nio-8080"]
2026-07-14 19:06:09.242 INFO  [restartedMain] o.apache.catalina.core.StandardService - Starting service [Tomcat]
2026-07-14 19:06:09.242 INFO  [restartedMain] org.apache.catalina.core.StandardEngine - Starting Servlet engine: [Apache Tomcat/10.1.26]
2026-07-14 19:06:09.326 INFO  [restartedMain] o.a.c.c.C.[Tomcat].[localhost].[/] - Initializing Spring embedded WebApplicationContext
2026-07-14 19:06:09.327 INFO  [restartedMain] o.s.b.w.s.c.ServletWebServerApplicationContext - Root WebApplicationContext: initialization completed in 2257 ms
2026-07-14 19:06:10.685 INFO  [restartedMain] o.s.b.d.a.OptionalLiveReloadServer - LiveReload server is running on port 35729
2026-07-14 19:06:10.705 INFO  [restartedMain] o.s.b.a.e.web.EndpointLinksResolver - Exposing 7 endpoints beneath base path '/actuator'
2026-07-14 19:06:10.812 INFO  [restartedMain] o.apache.coyote.http11.Http11NioProtocol - Starting ProtocolHandler ["http-nio-8080"]
2026-07-14 19:06:10.869 INFO  [restartedMain] o.s.b.w.embedded.tomcat.TomcatWebServer - Tomcat started on port 8080 (http) with context path '/'
2026-07-14 19:06:10.891 INFO  [restartedMain] pe.utp.estacionamiento.App - Started App in 4.615 seconds (process running for 5.121)
2026-07-14 19:06:11.031 INFO  [restartedMain] p.u.e.service.EventoSistemaService - ============================================================
2026-07-14 19:06:11.031 INFO  [restartedMain] p.u.e.service.EventoSistemaService - INICIO DEL SISTEMA DE ESTACIONAMIENTO - [2026-07-14 19:06:11]
2026-07-14 19:06:11.034 INFO  [restartedMain] p.u.e.service.EventoSistemaService - Modulo de Monitoreo: ACTIVO
2026-07-14 19:06:11.034 INFO  [restartedMain] p.u.e.service.EventoSistemaService - Actuator: DISPONIBLE en http://localhost:8080/actuator
2026-07-14 19:06:11.034 INFO  [restartedMain] p.u.e.service.EventoSistemaService - Dashboard: DISPONIBLE en http://localhost:8080/monitoring
2026-07-14 19:06:11.034 INFO  [restartedMain] p.u.e.service.EventoSistemaService - ============================================================
2026-07-14 19:06:58.982 INFO  [http-nio-8080-exec-1] o.a.c.c.C.[Tomcat].[localhost].[/] - Initializing Spring DispatcherServlet 'dispatcherServlet'
2026-07-14 19:06:58.984 INFO  [http-nio-8080-exec-1] o.s.web.servlet.DispatcherServlet - Initializing Servlet 'dispatcherServlet'
2026-07-14 19:06:58.989 INFO  [http-nio-8080-exec-1] o.s.web.servlet.DispatcherServlet - Completed initialization in 3 ms
2026-07-14 19:06:59.130 INFO  [http-nio-8080-exec-1] p.u.e.service.EventoSistemaService - [ADMIN-PANEL] Accion de administrador - accion: consulta_dashboard_monitoreo - timestamp: 2026-07-14 19:06:59
2026-07-14 19:06:59.165 INFO  [http-nio-8080-exec-1] com.zaxxer.hikari.HikariDataSource - HikariPool-1 - Starting...
2026-07-14 19:06:59.752 INFO  [http-nio-8080-exec-1] com.zaxxer.hikari.pool.HikariPool - HikariPool-1 - Added connection com.mysql.cj.jdbc.ConnectionImpl@83fee94
2026-07-14 19:06:59.764 INFO  [http-nio-8080-exec-1] com.zaxxer.hikari.HikariDataSource - HikariPool-1 - Start completed.
2026-07-14 19:07:02.989 ERROR [http-nio-8080-exec-1] org.thymeleaf.TemplateEngine - [THYMELEAF][http-nio-8080-exec-1] Exception processing template "monitoring": An error happened during template parsing (template: "class path resource [templates/monitoring.html]")
org.thymeleaf.exceptions.TemplateInputException: An error happened during template parsing (template: "class path resource [templates/monitoring.html]")
	at org.thymeleaf.templateparser.markup.AbstractMarkupTemplateParser.parse(AbstractMarkupTemplateParser.java:241)
	at org.thymeleaf.templateparser.markup.AbstractMarkupTemplateParser.parseStandalone(AbstractMarkupTemplateParser.java:100)
	at org.thymeleaf.engine.TemplateManager.parseAndProcess(TemplateManager.java:666)
	at org.thymeleaf.TemplateEngine.process(TemplateEngine.java:1103)
	at org.thymeleaf.TemplateEngine.process(TemplateEngine.java:1077)
	at org.thymeleaf.spring6.view.ThymeleafView.renderFragment(ThymeleafView.java:372)
	at org.thymeleaf.spring6.view.ThymeleafView.render(ThymeleafView.java:192)
	at org.springframework.web.servlet.DispatcherServlet.render(DispatcherServlet.java:1431)
	at org.springframework.web.servlet.DispatcherServlet.processDispatchResult(DispatcherServlet.java:1167)
	at org.springframework.web.servlet.DispatcherServlet.doDispatch(DispatcherServlet.java:1106)
	at org.springframework.web.servlet.DispatcherServlet.doService(DispatcherServlet.java:979)
	at org.springframework.web.servlet.FrameworkServlet.processRequest(FrameworkServlet.java:1014)
	at org.springframework.web.servlet.FrameworkServlet.doGet(FrameworkServlet.java:903)
	at jakarta.servlet.http.HttpServlet.service(HttpServlet.java:564)
	at org.springframework.web.servlet.FrameworkServlet.service(FrameworkServlet.java:885)
	at jakarta.servlet.http.HttpServlet.service(HttpServlet.java:658)
	at org.apache.catalina.core.ApplicationFilterChain.internalDoFilter(ApplicationFilterChain.java:195)
	at org.apache.catalina.core.ApplicationFilterChain.doFilter(ApplicationFilterChain.java:140)
	at org.apache.tomcat.websocket.server.WsFilter.doFilter(WsFilter.java:51)
	at org.apache.catalina.core.ApplicationFilterChain.internalDoFilter(ApplicationFilterChain.java:164)
	at org.apache.catalina.core.ApplicationFilterChain.doFilter(ApplicationFilterChain.java:140)
	at pe.utp.estacionamiento.config.RequestLoggingFilter.doFilterInternal(RequestLoggingFilter.java:23)
	at org.springframework.web.filter.OncePerRequestFilter.doFilter(OncePerRequestFilter.java:116)
	at org.apache.catalina.core.ApplicationFilterChain.internalDoFilter(ApplicationFilterChain.java:164)
	at org.apache.catalina.core.ApplicationFilterChain.doFilter(ApplicationFilterChain.java:140)
	at org.springframework.web.filter.RequestContextFilter.doFilterInternal(RequestContextFilter.java:100)
	at org.springframework.web.filter.OncePerRequestFilter.doFilter(OncePerRequestFilter.java:116)
	at org.apache.catalina.core.ApplicationFilterChain.internalDoFilter(ApplicationFilterChain.java:164)
	at org.apache.catalina.core.ApplicationFilterChain.doFilter(ApplicationFilterChain.java:140)
	at org.springframework.web.filter.FormContentFilter.doFilterInternal(FormContentFilter.java:93)
	at org.springframework.web.filter.OncePerRequestFilter.doFilter(OncePerRequestFilter.java:116)
	at org.apache.catalina.core.ApplicationFilterChain.internalDoFilter(ApplicationFilterChain.java:164)
	at org.apache.catalina.core.ApplicationFilterChain.doFilter(ApplicationFilterChain.java:140)
	at org.springframework.web.filter.ServerHttpObservationFilter.doFilterInternal(ServerHttpObservationFilter.java:113)
	at org.springframework.web.filter.OncePerRequestFilter.doFilter(OncePerRequestFilter.java:116)
	at org.apache.catalina.core.ApplicationFilterChain.internalDoFilter(ApplicationFilterChain.java:164)
	at org.apache.catalina.core.ApplicationFilterChain.doFilter(ApplicationFilterChain.java:140)
	at org.springframework.web.filter.CharacterEncodingFilter.doFilterInternal(CharacterEncodingFilter.java:201)
	at org.springframework.web.filter.OncePerRequestFilter.doFilter(OncePerRequestFilter.java:116)
	at org.apache.catalina.core.ApplicationFilterChain.internalDoFilter(ApplicationFilterChain.java:164)
	at org.apache.catalina.core.ApplicationFilterChain.doFilter(ApplicationFilterChain.java:140)
	at org.apache.catalina.core.StandardWrapperValve.invoke(StandardWrapperValve.java:167)
	at org.apache.catalina.core.StandardContextValve.invoke(StandardContextValve.java:90)
	at org.apache.catalina.authenticator.AuthenticatorBase.invoke(AuthenticatorBase.java:483)
	at org.apache.catalina.core.StandardHostValve.invoke(StandardHostValve.java:115)
	at org.apache.catalina.valves.ErrorReportValve.invoke(ErrorReportValve.java:93)
	at org.apache.catalina.core.StandardEngineValve.invoke(StandardEngineValve.java:74)
	at org.apache.catalina.connector.CoyoteAdapter.service(CoyoteAdapter.java:344)
	at org.apache.coyote.http11.Http11Processor.service(Http11Processor.java:389)
	at org.apache.coyote.AbstractProcessorLight.process(AbstractProcessorLight.java:63)
	at org.apache.coyote.AbstractProtocol$ConnectionHandler.process(AbstractProtocol.java:904)
	at org.apache.tomcat.util.net.NioEndpoint$SocketProcessor.doRun(NioEndpoint.java:1741)
	at org.apache.tomcat.util.net.SocketProcessorBase.run(SocketProcessorBase.java:52)
	at org.apache.tomcat.util.threads.ThreadPoolExecutor.runWorker(ThreadPoolExecutor.java:1190)
	at org.apache.tomcat.util.threads.ThreadPoolExecutor$Worker.run(ThreadPoolExecutor.java:659)
	at org.apache.tomcat.util.threads.TaskThread$WrappingRunnable.run(TaskThread.java:63)
	at java.base/java.lang.Thread.run(Thread.java:1583)
Caused by: org.attoparser.ParseException: Could not parse as expression: "${line.contains(' INFO ')} ? 'log-info' : ${line.contains(' WARN ')} ? 'log-warn' : ${line.contains(' ERROR ')} ? 'log-error' : 'log-debug'" (template: "monitoring" - line 424, col 34)
	at org.attoparser.MarkupParser.parseDocument(MarkupParser.java:393)
	at org.attoparser.MarkupParser.parse(MarkupParser.java:257)
	at org.thymeleaf.templateparser.markup.AbstractMarkupTemplateParser.parse(AbstractMarkupTemplateParser.java:230)
	... 56 common frames omitted
Caused by: org.thymeleaf.exceptions.TemplateProcessingException: Could not parse as expression: "${line.contains(' INFO ')} ? 'log-info' : ${line.contains(' WARN ')} ? 'log-warn' : ${line.contains(' ERROR ')} ? 'log-error' : 'log-debug'" (template: "monitoring" - line 424, col 34)
	at org.thymeleaf.standard.expression.StandardExpressionParser.parseExpression(StandardExpressionParser.java:131)
	at org.thymeleaf.standard.expression.StandardExpressionParser.parseExpression(StandardExpressionParser.java:62)
	at org.thymeleaf.standard.expression.StandardExpressionParser.parseExpression(StandardExpressionParser.java:44)
	at org.thymeleaf.engine.EngineEventUtils.parseAttributeExpression(EngineEventUtils.java:220)
	at org.thymeleaf.engine.EngineEventUtils.computeAttributeExpression(EngineEventUtils.java:207)
	at org.thymeleaf.standard.processor.AbstractStandardExpressionAttributeTagProcessor.doProcess(AbstractStandardExpressionAttributeTagProcessor.java:125)
	at org.thymeleaf.processor.element.AbstractAttributeTagProcessor.doProcess(AbstractAttributeTagProcessor.java:74)
	at org.thymeleaf.processor.element.AbstractElementTagProcessor.process(AbstractElementTagProcessor.java:95)
	at org.thymeleaf.util.ProcessorConfigurationUtils$ElementTagProcessorWrapper.process(ProcessorConfigurationUtils.java:633)
	at org.thymeleaf.engine.ProcessorTemplateHandler.handleOpenElement(ProcessorTemplateHandler.java:1314)
	at org.thymeleaf.engine.OpenElementTag.beHandled(OpenElementTag.java:205)
	at org.thymeleaf.engine.Model.process(Model.java:282)
	at org.thymeleaf.engine.Model.process(Model.java:290)
	at org.thymeleaf.engine.IteratedGatheringModelProcessable.processIterationModel(IteratedGatheringModelProcessable.java:368)
	at org.thymeleaf.engine.IteratedGatheringModelProcessable.process(IteratedGatheringModelProcessable.java:222)
	at org.thymeleaf.engine.ProcessorTemplateHandler.handleCloseElement(ProcessorTemplateHandler.java:1640)
	at org.thymeleaf.engine.TemplateHandlerAdapterMarkupHandler.handleCloseElementEnd(TemplateHandlerAdapterMarkupHandler.java:388)
	at org.thymeleaf.templateparser.markup.InlinedOutputExpressionMarkupHandler$InlineMarkupAdapterPreProcessorHandler.handleCloseElementEnd(InlinedOutputExpressionMarkupHandler.java:322)
	at org.thymeleaf.standard.inline.OutputExpressionInlinePreProcessorHandler.handleCloseElementEnd(OutputExpressionInlinePreProcessorHandler.java:220)
	at org.thymeleaf.templateparser.markup.InlinedOutputExpressionMarkupHandler.handleCloseElementEnd(InlinedOutputExpressionMarkupHandler.java:164)
	at org.attoparser.HtmlElement.handleCloseElementEnd(HtmlElement.java:169)
	at org.attoparser.HtmlMarkupHandler.handleCloseElementEnd(HtmlMarkupHandler.java:412)
	at org.attoparser.MarkupEventProcessorHandler.handleCloseElementEnd(MarkupEventProcessorHandler.java:473)
	at org.attoparser.ParsingElementMarkupUtil.parseCloseElement(ParsingElementMarkupUtil.java:201)
	at org.attoparser.MarkupParser.parseBuffer(MarkupParser.java:725)
	at org.attoparser.MarkupParser.parseDocument(MarkupParser.java:301)
	... 58 common frames omitted
2026-07-14 19:07:03.000 INFO  [http-nio-8080-exec-1] p.u.e.config.RequestLoggingFilter - Solicitud atendida metodo=GET path=/ status=200 tiempoMs=3947
2026-07-14 19:07:03.005 ERROR [http-nio-8080-exec-1] o.a.c.c.C.[.[.[/].[dispatcherServlet] - Servlet.service() for servlet [dispatcherServlet] in context with path [] threw exception [Request processing failed: org.thymeleaf.exceptions.TemplateInputException: An error happened during template parsing (template: "class path resource [templates/monitoring.html]")] with root cause
org.thymeleaf.exceptions.TemplateProcessingException: Could not parse as expression: "${line.contains(' INFO ')} ? 'log-info' : ${line.contains(' WARN ')} ? 'log-warn' : ${line.contains(' ERROR ')} ? 'log-error' : 'log-debug'" (template: "monitoring" - line 424, col 34)
	at org.thymeleaf.standard.expression.StandardExpressionParser.parseExpression(StandardExpressionParser.java:131)
	at org.thymeleaf.standard.expression.StandardExpressionParser.parseExpression(StandardExpressionParser.java:62)
	at org.thymeleaf.standard.expression.StandardExpressionParser.parseExpression(StandardExpressionParser.java:44)
	at org.thymeleaf.engine.EngineEventUtils.parseAttributeExpression(EngineEventUtils.java:220)
	at org.thymeleaf.engine.EngineEventUtils.computeAttributeExpression(EngineEventUtils.java:207)
	at org.thymeleaf.standard.processor.AbstractStandardExpressionAttributeTagProcessor.doProcess(AbstractStandardExpressionAttributeTagProcessor.java:125)
	at org.thymeleaf.processor.element.AbstractAttributeTagProcessor.doProcess(AbstractAttributeTagProcessor.java:74)
	at org.thymeleaf.processor.element.AbstractElementTagProcessor.process(AbstractElementTagProcessor.java:95)
	at org.thymeleaf.util.ProcessorConfigurationUtils$ElementTagProcessorWrapper.process(ProcessorConfigurationUtils.java:633)
	at org.thymeleaf.engine.ProcessorTemplateHandler.handleOpenElement(ProcessorTemplateHandler.java:1314)
	at org.thymeleaf.engine.OpenElementTag.beHandled(OpenElementTag.java:205)
	at org.thymeleaf.engine.Model.process(Model.java:282)
	at org.thymeleaf.engine.Model.process(Model.java:290)
	at org.thymeleaf.engine.IteratedGatheringModelProcessable.processIterationModel(IteratedGatheringModelProcessable.java:368)
	at org.thymeleaf.engine.IteratedGatheringModelProcessable.process(IteratedGatheringModelProcessable.java:222)
	at org.thymeleaf.engine.ProcessorTemplateHandler.handleCloseElement(ProcessorTemplateHandler.java:1640)
	at org.thymeleaf.engine.TemplateHandlerAdapterMarkupHandler.handleCloseElementEnd(TemplateHandlerAdapterMarkupHandler.java:388)
	at org.thymeleaf.templateparser.markup.InlinedOutputExpressionMarkupHandler$InlineMarkupAdapterPreProcessorHandler.handleCloseElementEnd(InlinedOutputExpressionMarkupHandler.java:322)
	at org.thymeleaf.standard.inline.OutputExpressionInlinePreProcessorHandler.handleCloseElementEnd(OutputExpressionInlinePreProcessorHandler.java:220)
	at org.thymeleaf.templateparser.markup.InlinedOutputExpressionMarkupHandler.handleCloseElementEnd(InlinedOutputExpressionMarkupHandler.java:164)
	at org.attoparser.HtmlElement.handleCloseElementEnd(HtmlElement.java:169)
	at org.attoparser.HtmlMarkupHandler.handleCloseElementEnd(HtmlMarkupHandler.java:412)
	at org.attoparser.MarkupEventProcessorHandler.handleCloseElementEnd(MarkupEventProcessorHandler.java:473)
	at org.attoparser.ParsingElementMarkupUtil.parseCloseElement(ParsingElementMarkupUtil.java:201)
	at org.attoparser.MarkupParser.parseBuffer(MarkupParser.java:725)
	at org.attoparser.MarkupParser.parseDocument(MarkupParser.java:301)
	at org.attoparser.MarkupParser.parse(MarkupParser.java:257)
	at org.thymeleaf.templateparser.markup.AbstractMarkupTemplateParser.parse(AbstractMarkupTemplateParser.java:230)
	at org.thymeleaf.templateparser.markup.AbstractMarkupTemplateParser.parseStandalone(AbstractMarkupTemplateParser.java:100)
	at org.thymeleaf.engine.TemplateManager.parseAndProcess(TemplateManager.java:666)
	at org.thymeleaf.TemplateEngine.process(TemplateEngine.java:1103)
	at org.thymeleaf.TemplateEngine.process(TemplateEngine.java:1077)
	at org.thymeleaf.spring6.view.ThymeleafView.renderFragment(ThymeleafView.java:372)
	at org.thymeleaf.spring6.view.ThymeleafView.render(ThymeleafView.java:192)
	at org.springframework.web.servlet.DispatcherServlet.render(DispatcherServlet.java:1431)
	at org.springframework.web.servlet.DispatcherServlet.processDispatchResult(DispatcherServlet.java:1167)
	at org.springframework.web.servlet.DispatcherServlet.doDispatch(DispatcherServlet.java:1106)
	at org.springframework.web.servlet.DispatcherServlet.doService(DispatcherServlet.java:979)
	at org.springframework.web.servlet.FrameworkServlet.processRequest(FrameworkServlet.java:1014)
	at org.springframework.web.servlet.FrameworkServlet.doGet(FrameworkServlet.java:903)
	at jakarta.servlet.http.HttpServlet.service(HttpServlet.java:564)
	at org.springframework.web.servlet.FrameworkServlet.service(FrameworkServlet.java:885)
	at jakarta.servlet.http.HttpServlet.service(HttpServlet.java:658)
	at org.apache.catalina.core.ApplicationFilterChain.internalDoFilter(ApplicationFilterChain.java:195)
	at org.apache.catalina.core.ApplicationFilterChain.doFilter(ApplicationFilterChain.java:140)
	at org.apache.tomcat.websocket.server.WsFilter.doFilter(WsFilter.java:51)
	at org.apache.catalina.core.ApplicationFilterChain.internalDoFilter(ApplicationFilterChain.java:164)
	at org.apache.catalina.core.ApplicationFilterChain.doFilter(ApplicationFilterChain.java:140)
	at pe.utp.estacionamiento.config.RequestLoggingFilter.doFilterInternal(RequestLoggingFilter.java:23)
	at org.springframework.web.filter.OncePerRequestFilter.doFilter(OncePerRequestFilter.java:116)
	at org.apache.catalina.core.ApplicationFilterChain.internalDoFilter(ApplicationFilterChain.java:164)
	at org.apache.catalina.core.ApplicationFilterChain.doFilter(ApplicationFilterChain.java:140)
	at org.springframework.web.filter.RequestContextFilter.doFilterInternal(RequestContextFilter.java:100)
	at org.springframework.web.filter.OncePerRequestFilter.doFilter(OncePerRequestFilter.java:116)
	at org.apache.catalina.core.ApplicationFilterChain.internalDoFilter(ApplicationFilterChain.java:164)
	at org.apache.catalina.core.ApplicationFilterChain.doFilter(ApplicationFilterChain.java:140)
	at org.springframework.web.filter.FormContentFilter.doFilterInternal(FormContentFilter.java:93)
	at org.springframework.web.filter.OncePerRequestFilter.doFilter(OncePerRequestFilter.java:116)
	at org.apache.catalina.core.ApplicationFilterChain.internalDoFilter(ApplicationFilterChain.java:164)
	at org.apache.catalina.core.ApplicationFilterChain.doFilter(ApplicationFilterChain.java:140)
	at org.springframework.web.filter.ServerHttpObservationFilter.doFilterInternal(ServerHttpObservationFilter.java:113)
	at org.springframework.web.filter.OncePerRequestFilter.doFilter(OncePerRequestFilter.java:116)
	at org.apache.catalina.core.ApplicationFilterChain.internalDoFilter(ApplicationFilterChain.java:164)
	at org.apache.catalina.core.ApplicationFilterChain.doFilter(ApplicationFilterChain.java:140)
	at org.springframework.web.filter.CharacterEncodingFilter.doFilterInternal(CharacterEncodingFilter.java:201)
	at org.springframework.web.filter.OncePerRequestFilter.doFilter(OncePerRequestFilter.java:116)
	at org.apache.catalina.core.ApplicationFilterChain.internalDoFilter(ApplicationFilterChain.java:164)
	at org.apache.catalina.core.ApplicationFilterChain.doFilter(ApplicationFilterChain.java:140)
	at org.apache.catalina.core.StandardWrapperValve.invoke(StandardWrapperValve.java:167)
	at org.apache.catalina.core.StandardContextValve.invoke(StandardContextValve.java:90)
	at org.apache.catalina.authenticator.AuthenticatorBase.invoke(AuthenticatorBase.java:483)
	at org.apache.catalina.core.StandardHostValve.invoke(StandardHostValve.java:115)
	at org.apache.catalina.valves.ErrorReportValve.invoke(ErrorReportValve.java:93)
	at org.apache.catalina.core.StandardEngineValve.invoke(StandardEngineValve.java:74)
	at org.apache.catalina.connector.CoyoteAdapter.service(CoyoteAdapter.java:344)
	at org.apache.coyote.http11.Http11Processor.service(Http11Processor.java:389)
	at org.apache.coyote.AbstractProcessorLight.process(AbstractProcessorLight.java:63)
	at org.apache.coyote.AbstractProtocol$ConnectionHandler.process(AbstractProtocol.java:904)
	at org.apache.tomcat.util.net.NioEndpoint$SocketProcessor.doRun(NioEndpoint.java:1741)
	at org.apache.tomcat.util.net.SocketProcessorBase.run(SocketProcessorBase.java:52)
	at org.apache.tomcat.util.threads.ThreadPoolExecutor.runWorker(ThreadPoolExecutor.java:1190)
	at org.apache.tomcat.util.threads.ThreadPoolExecutor$Worker.run(ThreadPoolExecutor.java:659)
	at org.apache.tomcat.util.threads.TaskThread$WrappingRunnable.run(TaskThread.java:63)
	at java.base/java.lang.Thread.run(Thread.java:1583)
2026-07-14 19:07:03.067 ERROR [http-nio-8080-exec-1] o.s.b.a.w.s.e.ErrorMvcAutoConfiguration$StaticView - Cannot render error page for request [/] and exception [An error happened during template parsing (template: "class path resource [templates/monitoring.html]")] as the response has already been committed. As a result, the response may have the wrong status code.
2026-07-14 19:09:06.797 INFO  [restartedMain] pe.utp.estacionamiento.App - Starting App using Java 25.0.2 with PID 15892 (C:\Users\DREP\Downloads\ESTACIONAMIENTO_INTELIGENTE-integrado\ESTACIONAMIENTO_INTELIGENTE-main\target\classes started by DREP in C:\Users\DREP\Downloads\ESTACIONAMIENTO_INTELIGENTE-integrado\ESTACIONAMIENTO_INTELIGENTE-main)
2026-07-14 19:09:06.800 INFO  [restartedMain] pe.utp.estacionamiento.App - No active profile set, falling back to 1 default profile: "default"
2026-07-14 19:09:06.863 INFO  [restartedMain] o.s.b.d.e.DevToolsPropertyDefaultsPostProcessor - Devtools property defaults active! Set 'spring.devtools.add-properties' to 'false' to disable
2026-07-14 19:09:06.863 INFO  [restartedMain] o.s.b.d.e.DevToolsPropertyDefaultsPostProcessor - For additional web related logging consider setting the 'logging.level.web' property to 'DEBUG'
2026-07-14 19:09:08.492 INFO  [restartedMain] o.s.b.w.embedded.tomcat.TomcatWebServer - Tomcat initialized with port 8080 (http)
2026-07-14 19:09:08.513 INFO  [restartedMain] o.apache.coyote.http11.Http11NioProtocol - Initializing ProtocolHandler ["http-nio-8080"]
2026-07-14 19:09:08.519 INFO  [restartedMain] o.apache.catalina.core.StandardService - Starting service [Tomcat]
2026-07-14 19:09:08.519 INFO  [restartedMain] org.apache.catalina.core.StandardEngine - Starting Servlet engine: [Apache Tomcat/10.1.26]
2026-07-14 19:09:08.598 INFO  [restartedMain] o.a.c.c.C.[Tomcat].[localhost].[/] - Initializing Spring embedded WebApplicationContext
2026-07-14 19:09:08.599 INFO  [restartedMain] o.s.b.w.s.c.ServletWebServerApplicationContext - Root WebApplicationContext: initialization completed in 1735 ms
2026-07-14 19:09:09.375 INFO  [restartedMain] o.s.b.d.a.OptionalLiveReloadServer - LiveReload server is running on port 35729
2026-07-14 19:09:09.389 INFO  [restartedMain] o.s.b.a.e.web.EndpointLinksResolver - Exposing 7 endpoints beneath base path '/actuator'
2026-07-14 19:09:09.451 INFO  [restartedMain] o.apache.coyote.http11.Http11NioProtocol - Starting ProtocolHandler ["http-nio-8080"]
2026-07-14 19:09:09.477 INFO  [restartedMain] o.s.b.w.embedded.tomcat.TomcatWebServer - Tomcat started on port 8080 (http) with context path '/'
2026-07-14 19:09:09.492 INFO  [restartedMain] pe.utp.estacionamiento.App - Started App in 3.414 seconds (process running for 3.909)
2026-07-14 19:09:09.589 INFO  [restartedMain] p.u.e.service.EventoSistemaService - ============================================================
2026-07-14 19:09:09.590 INFO  [restartedMain] p.u.e.service.EventoSistemaService - INICIO DEL SISTEMA DE ESTACIONAMIENTO - [2026-07-14 19:09:09]
2026-07-14 19:09:09.593 INFO  [restartedMain] p.u.e.service.EventoSistemaService - Modulo de Monitoreo: ACTIVO
2026-07-14 19:09:09.594 INFO  [restartedMain] p.u.e.service.EventoSistemaService - Actuator: DISPONIBLE en http://localhost:8080/actuator
2026-07-14 19:09:09.594 INFO  [restartedMain] p.u.e.service.EventoSistemaService - Dashboard: DISPONIBLE en http://localhost:8080/monitoring
2026-07-14 19:09:09.594 INFO  [restartedMain] p.u.e.service.EventoSistemaService - ============================================================
2026-07-14 19:13:51.451 INFO  [main] pe.utp.estacionamiento.App - Starting App v1.0.0 using Java 25.0.2 with PID 18464 (C:\Users\DREP\Downloads\ESTACIONAMIENTO_INTELIGENTE-integrado\ESTACIONAMIENTO_INTELIGENTE-main\target\estacionamiento-utp-1.0.0.jar started by DREP in C:\Users\DREP\Downloads\ESTACIONAMIENTO_INTELIGENTE-integrado\ESTACIONAMIENTO_INTELIGENTE-main)
2026-07-14 19:13:51.455 INFO  [main] pe.utp.estacionamiento.App - No active profile set, falling back to 1 default profile: "default"
2026-07-14 19:13:53.456 INFO  [main] o.s.b.w.embedded.tomcat.TomcatWebServer - Tomcat initialized with port 8080 (http)
2026-07-14 19:13:53.471 INFO  [main] o.apache.coyote.http11.Http11NioProtocol - Initializing ProtocolHandler ["http-nio-8080"]
2026-07-14 19:13:53.474 INFO  [main] o.apache.catalina.core.StandardService - Starting service [Tomcat]
2026-07-14 19:13:53.475 INFO  [main] org.apache.catalina.core.StandardEngine - Starting Servlet engine: [Apache Tomcat/10.1.26]
2026-07-14 19:13:53.532 INFO  [main] o.a.c.c.C.[Tomcat].[localhost].[/] - Initializing Spring embedded WebApplicationContext
2026-07-14 19:13:53.533 INFO  [main] o.s.b.w.s.c.ServletWebServerApplicationContext - Root WebApplicationContext: initialization completed in 1968 ms
2026-07-14 19:13:54.715 INFO  [main] o.s.b.a.e.web.EndpointLinksResolver - Exposing 7 endpoints beneath base path '/actuator'
2026-07-14 19:13:54.796 INFO  [main] o.apache.coyote.http11.Http11NioProtocol - Starting ProtocolHandler ["http-nio-8080"]
2026-07-14 19:13:54.842 INFO  [main] o.s.b.w.embedded.tomcat.TomcatWebServer - Tomcat started on port 8080 (http) with context path '/'
2026-07-14 19:13:54.860 INFO  [main] pe.utp.estacionamiento.App - Started App in 4.308 seconds (process running for 4.975)
2026-07-14 19:13:55.031 INFO  [main] p.u.e.service.EventoSistemaService - ============================================================
2026-07-14 19:13:55.032 INFO  [main] p.u.e.service.EventoSistemaService - INICIO DEL SISTEMA DE ESTACIONAMIENTO - [2026-07-14 19:13:55]
2026-07-14 19:13:55.035 INFO  [main] p.u.e.service.EventoSistemaService - Modulo de Monitoreo: ACTIVO
2026-07-14 19:13:55.035 INFO  [main] p.u.e.service.EventoSistemaService - Actuator: DISPONIBLE en http://localhost:8080/actuator
2026-07-14 19:13:55.037 INFO  [main] p.u.e.service.EventoSistemaService - Dashboard: DISPONIBLE en http://localhost:8080/monitoring
2026-07-14 19:13:55.037 INFO  [main] p.u.e.service.EventoSistemaService - ============================================================
2026-07-14 19:14:01.922 INFO  [http-nio-8080-exec-1] o.a.c.c.C.[Tomcat].[localhost].[/] - Initializing Spring DispatcherServlet 'dispatcherServlet'
2026-07-14 19:14:01.923 INFO  [http-nio-8080-exec-1] o.s.web.servlet.DispatcherServlet - Initializing Servlet 'dispatcherServlet'
2026-07-14 19:14:01.925 INFO  [http-nio-8080-exec-1] o.s.web.servlet.DispatcherServlet - Completed initialization in 2 ms
2026-07-14 19:14:02.024 INFO  [http-nio-8080-exec-1] p.u.e.config.RequestLoggingFilter - Solicitud atendida metodo=GET path=/actuator status=200 tiempoMs=85
2026-07-14 19:15:23.939 INFO  [http-nio-8080-exec-3] p.u.e.service.EventoSistemaService - [ADMIN-PANEL] Accion de administrador - accion: consulta_dashboard_monitoreo - timestamp: 2026-07-14 19:15:23
2026-07-14 19:15:23.969 INFO  [http-nio-8080-exec-3] com.zaxxer.hikari.HikariDataSource - HikariPool-1 - Starting...
2026-07-14 19:15:27.599 INFO  [http-nio-8080-exec-3] com.zaxxer.hikari.HikariDataSource - HikariPool-1 - Starting...
2026-07-14 19:15:28.619 INFO  [http-nio-8080-exec-3] com.zaxxer.hikari.HikariDataSource - HikariPool-1 - Starting...
2026-07-14 19:15:29.632 INFO  [http-nio-8080-exec-3] com.zaxxer.hikari.HikariDataSource - HikariPool-1 - Starting...
2026-07-14 19:15:30.639 INFO  [http-nio-8080-exec-3] com.zaxxer.hikari.HikariDataSource - HikariPool-1 - Starting...
2026-07-14 19:15:32.070 ERROR [http-nio-8080-exec-3] org.thymeleaf.TemplateEngine - [THYMELEAF][http-nio-8080-exec-3] Exception processing template "monitoring": An error happened during template parsing (template: "class path resource [templates/monitoring.html]")
org.thymeleaf.exceptions.TemplateInputException: An error happened during template parsing (template: "class path resource [templates/monitoring.html]")
	at org.thymeleaf.templateparser.markup.AbstractMarkupTemplateParser.parse(AbstractMarkupTemplateParser.java:241)
	at org.thymeleaf.templateparser.markup.AbstractMarkupTemplateParser.parseStandalone(AbstractMarkupTemplateParser.java:100)
	at org.thymeleaf.engine.TemplateManager.parseAndProcess(TemplateManager.java:666)
	at org.thymeleaf.TemplateEngine.process(TemplateEngine.java:1103)
	at org.thymeleaf.TemplateEngine.process(TemplateEngine.java:1077)
	at org.thymeleaf.spring6.view.ThymeleafView.renderFragment(ThymeleafView.java:372)
	at org.thymeleaf.spring6.view.ThymeleafView.render(ThymeleafView.java:192)
	at org.springframework.web.servlet.DispatcherServlet.render(DispatcherServlet.java:1431)
	at org.springframework.web.servlet.DispatcherServlet.processDispatchResult(DispatcherServlet.java:1167)
	at org.springframework.web.servlet.DispatcherServlet.doDispatch(DispatcherServlet.java:1106)
	at org.springframework.web.servlet.DispatcherServlet.doService(DispatcherServlet.java:979)
	at org.springframework.web.servlet.FrameworkServlet.processRequest(FrameworkServlet.java:1014)
	at org.springframework.web.servlet.FrameworkServlet.doGet(FrameworkServlet.java:903)
	at jakarta.servlet.http.HttpServlet.service(HttpServlet.java:564)
	at org.springframework.web.servlet.FrameworkServlet.service(FrameworkServlet.java:885)
	at jakarta.servlet.http.HttpServlet.service(HttpServlet.java:658)
	at org.apache.catalina.core.ApplicationFilterChain.internalDoFilter(ApplicationFilterChain.java:195)
	at org.apache.catalina.core.ApplicationFilterChain.doFilter(ApplicationFilterChain.java:140)
	at org.apache.tomcat.websocket.server.WsFilter.doFilter(WsFilter.java:51)
	at org.apache.catalina.core.ApplicationFilterChain.internalDoFilter(ApplicationFilterChain.java:164)
	at org.apache.catalina.core.ApplicationFilterChain.doFilter(ApplicationFilterChain.java:140)
	at pe.utp.estacionamiento.config.RequestLoggingFilter.doFilterInternal(RequestLoggingFilter.java:23)
	at org.springframework.web.filter.OncePerRequestFilter.doFilter(OncePerRequestFilter.java:116)
	at org.apache.catalina.core.ApplicationFilterChain.internalDoFilter(ApplicationFilterChain.java:164)
	at org.apache.catalina.core.ApplicationFilterChain.doFilter(ApplicationFilterChain.java:140)
	at org.springframework.web.filter.RequestContextFilter.doFilterInternal(RequestContextFilter.java:100)
	at org.springframework.web.filter.OncePerRequestFilter.doFilter(OncePerRequestFilter.java:116)
	at org.apache.catalina.core.ApplicationFilterChain.internalDoFilter(ApplicationFilterChain.java:164)
	at org.apache.catalina.core.ApplicationFilterChain.doFilter(ApplicationFilterChain.java:140)
	at org.springframework.web.filter.FormContentFilter.doFilterInternal(FormContentFilter.java:93)
	at org.springframework.web.filter.OncePerRequestFilter.doFilter(OncePerRequestFilter.java:116)
	at org.apache.catalina.core.ApplicationFilterChain.internalDoFilter(ApplicationFilterChain.java:164)
	at org.apache.catalina.core.ApplicationFilterChain.doFilter(ApplicationFilterChain.java:140)
	at org.springframework.web.filter.ServerHttpObservationFilter.doFilterInternal(ServerHttpObservationFilter.java:113)
	at org.springframework.web.filter.OncePerRequestFilter.doFilter(OncePerRequestFilter.java:116)
	at org.apache.catalina.core.ApplicationFilterChain.internalDoFilter(ApplicationFilterChain.java:164)
	at org.apache.catalina.core.ApplicationFilterChain.doFilter(ApplicationFilterChain.java:140)
	at org.springframework.web.filter.CharacterEncodingFilter.doFilterInternal(CharacterEncodingFilter.java:201)
	at org.springframework.web.filter.OncePerRequestFilter.doFilter(OncePerRequestFilter.java:116)
	at org.apache.catalina.core.ApplicationFilterChain.internalDoFilter(ApplicationFilterChain.java:164)
	at org.apache.catalina.core.ApplicationFilterChain.doFilter(ApplicationFilterChain.java:140)
	at org.apache.catalina.core.StandardWrapperValve.invoke(StandardWrapperValve.java:167)
	at org.apache.catalina.core.StandardContextValve.invoke(StandardContextValve.java:90)
	at org.apache.catalina.authenticator.AuthenticatorBase.invoke(AuthenticatorBase.java:483)
	at org.apache.catalina.core.StandardHostValve.invoke(StandardHostValve.java:115)
	at org.apache.catalina.valves.ErrorReportValve.invoke(ErrorReportValve.java:93)
	at org.apache.catalina.core.StandardEngineValve.invoke(StandardEngineValve.java:74)
	at org.apache.catalina.connector.CoyoteAdapter.service(CoyoteAdapter.java:344)
	at org.apache.coyote.http11.Http11Processor.service(Http11Processor.java:389)
	at org.apache.coyote.AbstractProcessorLight.process(AbstractProcessorLight.java:63)
	at org.apache.coyote.AbstractProtocol$ConnectionHandler.process(AbstractProtocol.java:904)
	at org.apache.tomcat.util.net.NioEndpoint$SocketProcessor.doRun(NioEndpoint.java:1741)
	at org.apache.tomcat.util.net.SocketProcessorBase.run(SocketProcessorBase.java:52)
	at org.apache.tomcat.util.threads.ThreadPoolExecutor.runWorker(ThreadPoolExecutor.java:1190)
	at org.apache.tomcat.util.threads.ThreadPoolExecutor$Worker.run(ThreadPoolExecutor.java:659)
	at org.apache.tomcat.util.threads.TaskThread$WrappingRunnable.run(TaskThread.java:63)
	at java.base/java.lang.Thread.run(Thread.java:1474)
Caused by: org.attoparser.ParseException: Could not parse as expression: "${line.contains(' INFO ')} ? 'log-info' : ${line.contains(' WARN ')} ? 'log-warn' : ${line.contains(' ERROR ')} ? 'log-error' : 'log-debug'" (template: "monitoring" - line 424, col 34)
	at org.attoparser.MarkupParser.parseDocument(MarkupParser.java:393)
	at org.attoparser.MarkupParser.parse(MarkupParser.java:257)
	at org.thymeleaf.templateparser.markup.AbstractMarkupTemplateParser.parse(AbstractMarkupTemplateParser.java:230)
	... 56 common frames omitted
Caused by: org.thymeleaf.exceptions.TemplateProcessingException: Could not parse as expression: "${line.contains(' INFO ')} ? 'log-info' : ${line.contains(' WARN ')} ? 'log-warn' : ${line.contains(' ERROR ')} ? 'log-error' : 'log-debug'" (template: "monitoring" - line 424, col 34)
	at org.thymeleaf.standard.expression.StandardExpressionParser.parseExpression(StandardExpressionParser.java:131)
	at org.thymeleaf.standard.expression.StandardExpressionParser.parseExpression(StandardExpressionParser.java:62)
	at org.thymeleaf.standard.expression.StandardExpressionParser.parseExpression(StandardExpressionParser.java:44)
	at org.thymeleaf.engine.EngineEventUtils.parseAttributeExpression(EngineEventUtils.java:220)
	at org.thymeleaf.engine.EngineEventUtils.computeAttributeExpression(EngineEventUtils.java:207)
	at org.thymeleaf.standard.processor.AbstractStandardExpressionAttributeTagProcessor.doProcess(AbstractStandardExpressionAttributeTagProcessor.java:125)
	at org.thymeleaf.processor.element.AbstractAttributeTagProcessor.doProcess(AbstractAttributeTagProcessor.java:74)
	at org.thymeleaf.processor.element.AbstractElementTagProcessor.process(AbstractElementTagProcessor.java:95)
	at org.thymeleaf.util.ProcessorConfigurationUtils$ElementTagProcessorWrapper.process(ProcessorConfigurationUtils.java:633)
	at org.thymeleaf.engine.ProcessorTemplateHandler.handleOpenElement(ProcessorTemplateHandler.java:1314)
	at org.thymeleaf.engine.OpenElementTag.beHandled(OpenElementTag.java:205)
	at org.thymeleaf.engine.Model.process(Model.java:282)
	at org.thymeleaf.engine.Model.process(Model.java:290)
	at org.thymeleaf.engine.IteratedGatheringModelProcessable.processIterationModel(IteratedGatheringModelProcessable.java:368)
	at org.thymeleaf.engine.IteratedGatheringModelProcessable.process(IteratedGatheringModelProcessable.java:222)
	at org.thymeleaf.engine.ProcessorTemplateHandler.handleCloseElement(ProcessorTemplateHandler.java:1640)
	at org.thymeleaf.engine.TemplateHandlerAdapterMarkupHandler.handleCloseElementEnd(TemplateHandlerAdapterMarkupHandler.java:388)
	at org.thymeleaf.templateparser.markup.InlinedOutputExpressionMarkupHandler$InlineMarkupAdapterPreProcessorHandler.handleCloseElementEnd(InlinedOutputExpressionMarkupHandler.java:322)
	at org.thymeleaf.standard.inline.OutputExpressionInlinePreProcessorHandler.handleCloseElementEnd(OutputExpressionInlinePreProcessorHandler.java:220)
	at org.thymeleaf.templateparser.markup.InlinedOutputExpressionMarkupHandler.handleCloseElementEnd(InlinedOutputExpressionMarkupHandler.java:164)
	at org.attoparser.HtmlElement.handleCloseElementEnd(HtmlElement.java:169)
	at org.attoparser.HtmlMarkupHandler.handleCloseElementEnd(HtmlMarkupHandler.java:412)
	at org.attoparser.MarkupEventProcessorHandler.handleCloseElementEnd(MarkupEventProcessorHandler.java:473)
	at org.attoparser.ParsingElementMarkupUtil.parseCloseElement(ParsingElementMarkupUtil.java:201)
	at org.attoparser.MarkupParser.parseBuffer(MarkupParser.java:725)
	at org.attoparser.MarkupParser.parseDocument(MarkupParser.java:301)
	... 58 common frames omitted
2026-07-14 19:15:32.077 INFO  [http-nio-8080-exec-3] p.u.e.config.RequestLoggingFilter - Solicitud atendida metodo=GET path=/ status=200 tiempoMs=8158
2026-07-14 19:15:32.079 ERROR [http-nio-8080-exec-3] o.a.c.c.C.[.[.[/].[dispatcherServlet] - Servlet.service() for servlet [dispatcherServlet] in context with path [] threw exception [Request processing failed: org.thymeleaf.exceptions.TemplateInputException: An error happened during template parsing (template: "class path resource [templates/monitoring.html]")] with root cause
org.thymeleaf.exceptions.TemplateProcessingException: Could not parse as expression: "${line.contains(' INFO ')} ? 'log-info' : ${line.contains(' WARN ')} ? 'log-warn' : ${line.contains(' ERROR ')} ? 'log-error' : 'log-debug'" (template: "monitoring" - line 424, col 34)
	at org.thymeleaf.standard.expression.StandardExpressionParser.parseExpression(StandardExpressionParser.java:131)
	at org.thymeleaf.standard.expression.StandardExpressionParser.parseExpression(StandardExpressionParser.java:62)
	at org.thymeleaf.standard.expression.StandardExpressionParser.parseExpression(StandardExpressionParser.java:44)
	at org.thymeleaf.engine.EngineEventUtils.parseAttributeExpression(EngineEventUtils.java:220)
	at org.thymeleaf.engine.EngineEventUtils.computeAttributeExpression(EngineEventUtils.java:207)
	at org.thymeleaf.standard.processor.AbstractStandardExpressionAttributeTagProcessor.doProcess(AbstractStandardExpressionAttributeTagProcessor.java:125)
	at org.thymeleaf.processor.element.AbstractAttributeTagProcessor.doProcess(AbstractAttributeTagProcessor.java:74)
	at org.thymeleaf.processor.element.AbstractElementTagProcessor.process(AbstractElementTagProcessor.java:95)
	at org.thymeleaf.util.ProcessorConfigurationUtils$ElementTagProcessorWrapper.process(ProcessorConfigurationUtils.java:633)
	at org.thymeleaf.engine.ProcessorTemplateHandler.handleOpenElement(ProcessorTemplateHandler.java:1314)
	at org.thymeleaf.engine.OpenElementTag.beHandled(OpenElementTag.java:205)
	at org.thymeleaf.engine.Model.process(Model.java:282)
	at org.thymeleaf.engine.Model.process(Model.java:290)
	at org.thymeleaf.engine.IteratedGatheringModelProcessable.processIterationModel(IteratedGatheringModelProcessable.java:368)
	at org.thymeleaf.engine.IteratedGatheringModelProcessable.process(IteratedGatheringModelProcessable.java:222)
	at org.thymeleaf.engine.ProcessorTemplateHandler.handleCloseElement(ProcessorTemplateHandler.java:1640)
	at org.thymeleaf.engine.TemplateHandlerAdapterMarkupHandler.handleCloseElementEnd(TemplateHandlerAdapterMarkupHandler.java:388)
	at org.thymeleaf.templateparser.markup.InlinedOutputExpressionMarkupHandler$InlineMarkupAdapterPreProcessorHandler.handleCloseElementEnd(InlinedOutputExpressionMarkupHandler.java:322)
	at org.thymeleaf.standard.inline.OutputExpressionInlinePreProcessorHandler.handleCloseElementEnd(OutputExpressionInlinePreProcessorHandler.java:220)
	at org.thymeleaf.templateparser.markup.InlinedOutputExpressionMarkupHandler.handleCloseElementEnd(InlinedOutputExpressionMarkupHandler.java:164)
	at org.attoparser.HtmlElement.handleCloseElementEnd(HtmlElement.java:169)
	at org.attoparser.HtmlMarkupHandler.handleCloseElementEnd(HtmlMarkupHandler.java:412)
	at org.attoparser.MarkupEventProcessorHandler.handleCloseElementEnd(MarkupEventProcessorHandler.java:473)
	at org.attoparser.ParsingElementMarkupUtil.parseCloseElement(ParsingElementMarkupUtil.java:201)
	at org.attoparser.MarkupParser.parseBuffer(MarkupParser.java:725)
	at org.attoparser.MarkupParser.parseDocument(MarkupParser.java:301)
	at org.attoparser.MarkupParser.parse(MarkupParser.java:257)
	at org.thymeleaf.templateparser.markup.AbstractMarkupTemplateParser.parse(AbstractMarkupTemplateParser.java:230)
	at org.thymeleaf.templateparser.markup.AbstractMarkupTemplateParser.parseStandalone(AbstractMarkupTemplateParser.java:100)
	at org.thymeleaf.engine.TemplateManager.parseAndProcess(TemplateManager.java:666)
	at org.thymeleaf.TemplateEngine.process(TemplateEngine.java:1103)
	at org.thymeleaf.TemplateEngine.process(TemplateEngine.java:1077)
	at org.thymeleaf.spring6.view.ThymeleafView.renderFragment(ThymeleafView.java:372)
	at org.thymeleaf.spring6.view.ThymeleafView.render(ThymeleafView.java:192)
	at org.springframework.web.servlet.DispatcherServlet.render(DispatcherServlet.java:1431)
	at org.springframework.web.servlet.DispatcherServlet.processDispatchResult(DispatcherServlet.java:1167)
	at org.springframework.web.servlet.DispatcherServlet.doDispatch(DispatcherServlet.java:1106)
	at org.springframework.web.servlet.DispatcherServlet.doService(DispatcherServlet.java:979)
	at org.springframework.web.servlet.FrameworkServlet.processRequest(FrameworkServlet.java:1014)
	at org.springframework.web.servlet.FrameworkServlet.doGet(FrameworkServlet.java:903)
	at jakarta.servlet.http.HttpServlet.service(HttpServlet.java:564)
	at org.springframework.web.servlet.FrameworkServlet.service(FrameworkServlet.java:885)
	at jakarta.servlet.http.HttpServlet.service(HttpServlet.java:658)
	at org.apache.catalina.core.ApplicationFilterChain.internalDoFilter(ApplicationFilterChain.java:195)
	at org.apache.catalina.core.ApplicationFilterChain.doFilter(ApplicationFilterChain.java:140)
	at org.apache.tomcat.websocket.server.WsFilter.doFilter(WsFilter.java:51)
	at org.apache.catalina.core.ApplicationFilterChain.internalDoFilter(ApplicationFilterChain.java:164)
	at org.apache.catalina.core.ApplicationFilterChain.doFilter(ApplicationFilterChain.java:140)
	at pe.utp.estacionamiento.config.RequestLoggingFilter.doFilterInternal(RequestLoggingFilter.java:23)
	at org.springframework.web.filter.OncePerRequestFilter.doFilter(OncePerRequestFilter.java:116)
	at org.apache.catalina.core.ApplicationFilterChain.internalDoFilter(ApplicationFilterChain.java:164)
	at org.apache.catalina.core.ApplicationFilterChain.doFilter(ApplicationFilterChain.java:140)
	at org.springframework.web.filter.RequestContextFilter.doFilterInternal(RequestContextFilter.java:100)
	at org.springframework.web.filter.OncePerRequestFilter.doFilter(OncePerRequestFilter.java:116)
	at org.apache.catalina.core.ApplicationFilterChain.internalDoFilter(ApplicationFilterChain.java:164)
	at org.apache.catalina.core.ApplicationFilterChain.doFilter(ApplicationFilterChain.java:140)
	at org.springframework.web.filter.FormContentFilter.doFilterInternal(FormContentFilter.java:93)
	at org.springframework.web.filter.OncePerRequestFilter.doFilter(OncePerRequestFilter.java:116)
	at org.apache.catalina.core.ApplicationFilterChain.internalDoFilter(ApplicationFilterChain.java:164)
	at org.apache.catalina.core.ApplicationFilterChain.doFilter(ApplicationFilterChain.java:140)
	at org.springframework.web.filter.ServerHttpObservationFilter.doFilterInternal(ServerHttpObservationFilter.java:113)
	at org.springframework.web.filter.OncePerRequestFilter.doFilter(OncePerRequestFilter.java:116)
	at org.apache.catalina.core.ApplicationFilterChain.internalDoFilter(ApplicationFilterChain.java:164)
	at org.apache.catalina.core.ApplicationFilterChain.doFilter(ApplicationFilterChain.java:140)
	at org.springframework.web.filter.CharacterEncodingFilter.doFilterInternal(CharacterEncodingFilter.java:201)
	at org.springframework.web.filter.OncePerRequestFilter.doFilter(OncePerRequestFilter.java:116)
	at org.apache.catalina.core.ApplicationFilterChain.internalDoFilter(ApplicationFilterChain.java:164)
	at org.apache.catalina.core.ApplicationFilterChain.doFilter(ApplicationFilterChain.java:140)
	at org.apache.catalina.core.StandardWrapperValve.invoke(StandardWrapperValve.java:167)
	at org.apache.catalina.core.StandardContextValve.invoke(StandardContextValve.java:90)
	at org.apache.catalina.authenticator.AuthenticatorBase.invoke(AuthenticatorBase.java:483)
	at org.apache.catalina.core.StandardHostValve.invoke(StandardHostValve.java:115)
	at org.apache.catalina.valves.ErrorReportValve.invoke(ErrorReportValve.java:93)
	at org.apache.catalina.core.StandardEngineValve.invoke(StandardEngineValve.java:74)
	at org.apache.catalina.connector.CoyoteAdapter.service(CoyoteAdapter.java:344)
	at org.apache.coyote.http11.Http11Processor.service(Http11Processor.java:389)
	at org.apache.coyote.AbstractProcessorLight.process(AbstractProcessorLight.java:63)
	at org.apache.coyote.AbstractProtocol$ConnectionHandler.process(AbstractProtocol.java:904)
	at org.apache.tomcat.util.net.NioEndpoint$SocketProcessor.doRun(NioEndpoint.java:1741)
	at org.apache.tomcat.util.net.SocketProcessorBase.run(SocketProcessorBase.java:52)
	at org.apache.tomcat.util.threads.ThreadPoolExecutor.runWorker(ThreadPoolExecutor.java:1190)
	at org.apache.tomcat.util.threads.ThreadPoolExecutor$Worker.run(ThreadPoolExecutor.java:659)
	at org.apache.tomcat.util.threads.TaskThread$WrappingRunnable.run(TaskThread.java:63)
	at java.base/java.lang.Thread.run(Thread.java:1474)
2026-07-14 19:15:32.107 ERROR [http-nio-8080-exec-3] o.s.b.a.w.s.e.ErrorMvcAutoConfiguration$StaticView - Cannot render error page for request [/] as the response has already been committed. As a result, the response may have the wrong status code.
2026-07-14 19:16:39.266 INFO  [restartedMain] pe.utp.estacionamiento.App - Starting App using Java 25.0.2 with PID 24996 (C:\Users\DREP\Downloads\ESTACIONAMIENTO_INTELIGENTE-integrado\ESTACIONAMIENTO_INTELIGENTE-main\target\classes started by DREP in C:\Users\DREP\Downloads\ESTACIONAMIENTO_INTELIGENTE-integrado\ESTACIONAMIENTO_INTELIGENTE-main)
2026-07-14 19:16:39.268 INFO  [restartedMain] pe.utp.estacionamiento.App - No active profile set, falling back to 1 default profile: "default"
2026-07-14 19:16:39.314 INFO  [restartedMain] o.s.b.d.e.DevToolsPropertyDefaultsPostProcessor - Devtools property defaults active! Set 'spring.devtools.add-properties' to 'false' to disable
2026-07-14 19:16:39.314 INFO  [restartedMain] o.s.b.d.e.DevToolsPropertyDefaultsPostProcessor - For additional web related logging consider setting the 'logging.level.web' property to 'DEBUG'
2026-07-14 19:16:40.839 INFO  [restartedMain] o.s.b.w.embedded.tomcat.TomcatWebServer - Tomcat initialized with port 8080 (http)
2026-07-14 19:16:40.851 INFO  [restartedMain] o.apache.coyote.http11.Http11NioProtocol - Initializing ProtocolHandler ["http-nio-8080"]
2026-07-14 19:16:40.854 INFO  [restartedMain] o.apache.catalina.core.StandardService - Starting service [Tomcat]
2026-07-14 19:16:40.855 INFO  [restartedMain] org.apache.catalina.core.StandardEngine - Starting Servlet engine: [Apache Tomcat/10.1.26]
2026-07-14 19:16:40.916 INFO  [restartedMain] o.a.c.c.C.[Tomcat].[localhost].[/] - Initializing Spring embedded WebApplicationContext
2026-07-14 19:16:40.916 INFO  [restartedMain] o.s.b.w.s.c.ServletWebServerApplicationContext - Root WebApplicationContext: initialization completed in 1601 ms
2026-07-14 19:16:41.654 INFO  [restartedMain] o.s.b.d.a.OptionalLiveReloadServer - LiveReload server is running on port 35729
2026-07-14 19:16:41.666 INFO  [restartedMain] o.s.b.a.e.web.EndpointLinksResolver - Exposing 7 endpoints beneath base path '/actuator'
2026-07-14 19:16:41.731 INFO  [restartedMain] o.apache.coyote.http11.Http11NioProtocol - Starting ProtocolHandler ["http-nio-8080"]
2026-07-14 19:16:41.762 INFO  [restartedMain] o.s.b.w.embedded.tomcat.TomcatWebServer - Tomcat started on port 8080 (http) with context path '/'
2026-07-14 19:16:41.777 INFO  [restartedMain] pe.utp.estacionamiento.App - Started App in 3.054 seconds (process running for 3.446)
2026-07-14 19:16:41.879 INFO  [restartedMain] p.u.e.service.EventoSistemaService - ============================================================
2026-07-14 19:16:41.880 INFO  [restartedMain] p.u.e.service.EventoSistemaService - INICIO DEL SISTEMA DE ESTACIONAMIENTO - [2026-07-14 19:16:41]
2026-07-14 19:16:41.881 INFO  [restartedMain] p.u.e.service.EventoSistemaService - Modulo de Monitoreo: ACTIVO
2026-07-14 19:16:41.881 INFO  [restartedMain] p.u.e.service.EventoSistemaService - Actuator: DISPONIBLE en http://localhost:8080/actuator
2026-07-14 19:16:41.881 INFO  [restartedMain] p.u.e.service.EventoSistemaService - Dashboard: DISPONIBLE en http://localhost:8080/monitoring
2026-07-14 19:16:41.881 INFO  [restartedMain] p.u.e.service.EventoSistemaService - ============================================================
2026-07-14 19:21:24.091 INFO  [restartedMain] pe.utp.estacionamiento.App - Starting App using Java 21.0.10 with PID 28684 (C:\Users\DREP\Downloads\ESTACIONAMIENTO_INTELIGENTE-integrado\ESTACIONAMIENTO_INTELIGENTE-main\target\classes started by DREP in C:\Users\DREP\Downloads\ESTACIONAMIENTO_INTELIGENTE-integrado\ESTACIONAMIENTO_INTELIGENTE-main)
2026-07-14 19:21:24.094 INFO  [restartedMain] pe.utp.estacionamiento.App - No active profile set, falling back to 1 default profile: "default"
2026-07-14 19:21:24.197 INFO  [restartedMain] o.s.b.d.e.DevToolsPropertyDefaultsPostProcessor - Devtools property defaults active! Set 'spring.devtools.add-properties' to 'false' to disable
2026-07-14 19:21:24.198 INFO  [restartedMain] o.s.b.d.e.DevToolsPropertyDefaultsPostProcessor - For additional web related logging consider setting the 'logging.level.web' property to 'DEBUG'
2026-07-14 19:21:27.681 INFO  [restartedMain] o.s.b.w.embedded.tomcat.TomcatWebServer - Tomcat initialized with port 8080 (http)
2026-07-14 19:21:27.704 INFO  [restartedMain] o.apache.coyote.http11.Http11NioProtocol - Initializing ProtocolHandler ["http-nio-8080"]
2026-07-14 19:21:27.711 INFO  [restartedMain] o.apache.catalina.core.StandardService - Starting service [Tomcat]
2026-07-14 19:21:27.711 INFO  [restartedMain] org.apache.catalina.core.StandardEngine - Starting Servlet engine: [Apache Tomcat/10.1.26]
2026-07-14 19:21:27.835 INFO  [restartedMain] o.a.c.c.C.[Tomcat].[localhost].[/] - Initializing Spring embedded WebApplicationContext
2026-07-14 19:21:27.838 INFO  [restartedMain] o.s.b.w.s.c.ServletWebServerApplicationContext - Root WebApplicationContext: initialization completed in 3638 ms
2026-07-14 19:21:30.075 INFO  [restartedMain] o.s.b.d.a.OptionalLiveReloadServer - LiveReload server is running on port 35729
2026-07-14 19:21:30.100 INFO  [restartedMain] o.s.b.a.e.web.EndpointLinksResolver - Exposing 7 endpoints beneath base path '/actuator'
2026-07-14 19:21:30.242 INFO  [restartedMain] o.apache.coyote.http11.Http11NioProtocol - Starting ProtocolHandler ["http-nio-8080"]
2026-07-14 19:21:30.309 INFO  [restartedMain] o.s.b.w.embedded.tomcat.TomcatWebServer - Tomcat started on port 8080 (http) with context path '/'
2026-07-14 19:21:30.363 INFO  [restartedMain] pe.utp.estacionamiento.App - Started App in 7.571 seconds (process running for 8.691)
2026-07-14 19:21:30.589 INFO  [restartedMain] p.u.e.service.EventoSistemaService - ============================================================
2026-07-14 19:21:30.589 INFO  [restartedMain] p.u.e.service.EventoSistemaService - INICIO DEL SISTEMA DE ESTACIONAMIENTO - [2026-07-14 19:21:30]
2026-07-14 19:21:30.592 INFO  [restartedMain] p.u.e.service.EventoSistemaService - Modulo de Monitoreo: ACTIVO
2026-07-14 19:21:30.592 INFO  [restartedMain] p.u.e.service.EventoSistemaService - Actuator: DISPONIBLE en http://localhost:8080/actuator
2026-07-14 19:21:30.592 INFO  [restartedMain] p.u.e.service.EventoSistemaService - Dashboard: DISPONIBLE en http://localhost:8080/monitoring
2026-07-14 19:21:30.593 INFO  [restartedMain] p.u.e.service.EventoSistemaService - ============================================================
2026-07-14 19:23:45.006 INFO  [restartedMain] pe.utp.estacionamiento.App - Starting App using Java 25.0.2 with PID 10948 (C:\Users\DREP\Downloads\ESTACIONAMIENTO_INTELIGENTE-integrado\ESTACIONAMIENTO_INTELIGENTE-main\target\classes started by DREP in C:\Users\DREP\Downloads\ESTACIONAMIENTO_INTELIGENTE-integrado\ESTACIONAMIENTO_INTELIGENTE-main)
2026-07-14 19:23:45.008 INFO  [restartedMain] pe.utp.estacionamiento.App - No active profile set, falling back to 1 default profile: "default"
2026-07-14 19:23:45.073 INFO  [restartedMain] o.s.b.d.e.DevToolsPropertyDefaultsPostProcessor - Devtools property defaults active! Set 'spring.devtools.add-properties' to 'false' to disable
2026-07-14 19:23:45.074 INFO  [restartedMain] o.s.b.d.e.DevToolsPropertyDefaultsPostProcessor - For additional web related logging consider setting the 'logging.level.web' property to 'DEBUG'
2026-07-14 19:23:46.807 INFO  [restartedMain] o.s.b.w.embedded.tomcat.TomcatWebServer - Tomcat initialized with port 8080 (http)
2026-07-14 19:23:46.819 INFO  [restartedMain] o.apache.coyote.http11.Http11NioProtocol - Initializing ProtocolHandler ["http-nio-8080"]
2026-07-14 19:23:46.821 INFO  [restartedMain] o.apache.catalina.core.StandardService - Starting service [Tomcat]
2026-07-14 19:23:46.822 INFO  [restartedMain] org.apache.catalina.core.StandardEngine - Starting Servlet engine: [Apache Tomcat/10.1.26]
2026-07-14 19:23:46.920 INFO  [restartedMain] o.a.c.c.C.[Tomcat].[localhost].[/] - Initializing Spring embedded WebApplicationContext
2026-07-14 19:23:46.922 INFO  [restartedMain] o.s.b.w.s.c.ServletWebServerApplicationContext - Root WebApplicationContext: initialization completed in 1847 ms
2026-07-14 19:23:48.955 INFO  [restartedMain] o.s.b.d.a.OptionalLiveReloadServer - LiveReload server is running on port 35729
2026-07-14 19:23:48.990 INFO  [restartedMain] o.s.b.a.e.web.EndpointLinksResolver - Exposing 7 endpoints beneath base path '/actuator'
2026-07-14 19:23:49.170 INFO  [restartedMain] o.apache.coyote.http11.Http11NioProtocol - Starting ProtocolHandler ["http-nio-8080"]
2026-07-14 19:23:49.232 INFO  [restartedMain] o.s.b.w.embedded.tomcat.TomcatWebServer - Tomcat started on port 8080 (http) with context path '/'
2026-07-14 19:23:49.281 INFO  [restartedMain] pe.utp.estacionamiento.App - Started App in 4.89 seconds (process running for 5.386)
2026-07-14 19:23:49.521 INFO  [restartedMain] p.u.e.service.EventoSistemaService - ============================================================
2026-07-14 19:23:49.522 INFO  [restartedMain] p.u.e.service.EventoSistemaService - INICIO DEL SISTEMA DE ESTACIONAMIENTO - [2026-07-14 19:23:49]
2026-07-14 19:23:49.526 INFO  [restartedMain] p.u.e.service.EventoSistemaService - Modulo de Monitoreo: ACTIVO
2026-07-14 19:23:49.527 INFO  [restartedMain] p.u.e.service.EventoSistemaService - Actuator: DISPONIBLE en http://localhost:8080/actuator
2026-07-14 19:23:49.530 INFO  [restartedMain] p.u.e.service.EventoSistemaService - Dashboard: DISPONIBLE en http://localhost:8080/monitoring
2026-07-14 19:23:49.531 INFO  [restartedMain] p.u.e.service.EventoSistemaService - ============================================================
2026-07-14 19:24:16.529 INFO  [restartedMain] pe.utp.estacionamiento.App - Starting App using Java 21.0.10 with PID 28432 (C:\Users\DREP\Downloads\ESTACIONAMIENTO_INTELIGENTE-integrado\ESTACIONAMIENTO_INTELIGENTE-main\target\classes started by DREP in c:\Users\DREP\Downloads\ESTACIONAMIENTO_INTELIGENTE-integrado\ESTACIONAMIENTO_INTELIGENTE-main)
2026-07-14 19:24:16.537 INFO  [restartedMain] pe.utp.estacionamiento.App - No active profile set, falling back to 1 default profile: "default"
2026-07-14 19:24:16.613 INFO  [restartedMain] o.s.b.d.e.DevToolsPropertyDefaultsPostProcessor - Devtools property defaults active! Set 'spring.devtools.add-properties' to 'false' to disable
2026-07-14 19:24:16.614 INFO  [restartedMain] o.s.b.d.e.DevToolsPropertyDefaultsPostProcessor - For additional web related logging consider setting the 'logging.level.web' property to 'DEBUG'
2026-07-14 19:24:18.711 INFO  [restartedMain] o.s.b.w.embedded.tomcat.TomcatWebServer - Tomcat initialized with port 8080 (http)
2026-07-14 19:24:18.732 INFO  [restartedMain] o.apache.coyote.http11.Http11NioProtocol - Initializing ProtocolHandler ["http-nio-8080"]
2026-07-14 19:24:18.735 INFO  [restartedMain] o.apache.catalina.core.StandardService - Starting service [Tomcat]
2026-07-14 19:24:18.737 INFO  [restartedMain] org.apache.catalina.core.StandardEngine - Starting Servlet engine: [Apache Tomcat/10.1.26]
2026-07-14 19:24:18.803 INFO  [restartedMain] o.a.c.c.C.[Tomcat].[localhost].[/] - Initializing Spring embedded WebApplicationContext
2026-07-14 19:24:18.804 INFO  [restartedMain] o.s.b.w.s.c.ServletWebServerApplicationContext - Root WebApplicationContext: initialization completed in 2188 ms
2026-07-14 19:24:20.140 WARN  [restartedMain] o.s.b.d.a.OptionalLiveReloadServer - Unable to start LiveReload server
2026-07-14 19:24:20.165 INFO  [restartedMain] o.s.b.a.e.web.EndpointLinksResolver - Exposing 7 endpoints beneath base path '/actuator'
2026-07-14 19:24:20.267 INFO  [restartedMain] o.apache.coyote.http11.Http11NioProtocol - Starting ProtocolHandler ["http-nio-8080"]
2026-07-14 19:24:20.278 WARN  [restartedMain] o.s.b.w.s.c.AnnotationConfigServletWebServerApplicationContext - Exception encountered during context initialization - cancelling refresh attempt: org.springframework.context.ApplicationContextException: Failed to start bean 'webServerStartStop'
2026-07-14 19:24:20.313 INFO  [restartedMain] o.s.b.a.l.ConditionEvaluationReportLogger - 

Error starting ApplicationContext. To display the condition evaluation report re-run your application with 'debug' enabled.
2026-07-14 19:24:20.353 ERROR [restartedMain] o.s.b.d.LoggingFailureAnalysisReporter - 

***************************
APPLICATION FAILED TO START
***************************

Description:

Web server failed to start. Port 8080 was already in use.

Action:

Identify and stop the process that's listening on port 8080 or configure this application to listen on another port.

2026-07-14 19:25:10.645 INFO  [main] pe.utp.estacionamiento.App - Starting App v1.0.0 using Java 25.0.2 with PID 11564 (C:\Users\DREP\Downloads\ESTACIONAMIENTO_INTELIGENTE-integrado\ESTACIONAMIENTO_INTELIGENTE-main\target\estacionamiento-utp-1.0.0.jar started by DREP in c:\Users\DREP\Downloads\ESTACIONAMIENTO_INTELIGENTE-integrado\ESTACIONAMIENTO_INTELIGENTE-main)
2026-07-14 19:25:10.648 INFO  [main] pe.utp.estacionamiento.App - No active profile set, falling back to 1 default profile: "default"
2026-07-14 19:25:12.639 INFO  [main] o.s.b.w.embedded.tomcat.TomcatWebServer - Tomcat initialized with port 8080 (http)
2026-07-14 19:25:12.658 INFO  [main] o.apache.coyote.http11.Http11NioProtocol - Initializing ProtocolHandler ["http-nio-8080"]
2026-07-14 19:25:12.661 INFO  [main] o.apache.catalina.core.StandardService - Starting service [Tomcat]
2026-07-14 19:25:12.662 INFO  [main] org.apache.catalina.core.StandardEngine - Starting Servlet engine: [Apache Tomcat/10.1.26]
2026-07-14 19:25:12.723 INFO  [main] o.a.c.c.C.[Tomcat].[localhost].[/] - Initializing Spring embedded WebApplicationContext
2026-07-14 19:25:12.724 INFO  [main] o.s.b.w.s.c.ServletWebServerApplicationContext - Root WebApplicationContext: initialization completed in 1975 ms
2026-07-14 19:25:13.823 INFO  [main] o.s.b.a.e.web.EndpointLinksResolver - Exposing 7 endpoints beneath base path '/actuator'
2026-07-14 19:25:13.913 INFO  [main] o.apache.coyote.http11.Http11NioProtocol - Starting ProtocolHandler ["http-nio-8080"]
2026-07-14 19:25:13.930 WARN  [main] o.s.b.w.s.c.AnnotationConfigServletWebServerApplicationContext - Exception encountered during context initialization - cancelling refresh attempt: org.springframework.context.ApplicationContextException: Failed to start bean 'webServerStartStop'
2026-07-14 19:25:13.964 INFO  [main] o.s.b.a.l.ConditionEvaluationReportLogger - 

Error starting ApplicationContext. To display the condition evaluation report re-run your application with 'debug' enabled.
2026-07-14 19:25:13.998 ERROR [main] o.s.b.d.LoggingFailureAnalysisReporter - 

***************************
APPLICATION FAILED TO START
***************************

Description:

Web server failed to start. Port 8080 was already in use.

Action:

Identify and stop the process that's listening on port 8080 or configure this application to listen on another port.

2026-07-14 19:25:39.370 INFO  [File Watcher] o.s.b.d.a.LocalDevToolsAutoConfiguration$RestartingClassPathChangeChangedEventListener - Restarting due to 1 class path change (0 additions, 0 deletions, 1 modification)
2026-07-14 19:25:39.395 INFO  [Thread-5] o.apache.coyote.http11.Http11NioProtocol - Stopping ProtocolHandler ["http-nio-8080"]
2026-07-14 19:25:39.575 INFO  [restartedMain] pe.utp.estacionamiento.App - Starting App using Java 25.0.2 with PID 10948 (C:\Users\DREP\Downloads\ESTACIONAMIENTO_INTELIGENTE-integrado\ESTACIONAMIENTO_INTELIGENTE-main\target\classes started by DREP in C:\Users\DREP\Downloads\ESTACIONAMIENTO_INTELIGENTE-integrado\ESTACIONAMIENTO_INTELIGENTE-main)
2026-07-14 19:25:39.576 INFO  [restartedMain] pe.utp.estacionamiento.App - No active profile set, falling back to 1 default profile: "default"
2026-07-14 19:25:40.129 INFO  [restartedMain] o.s.b.w.embedded.tomcat.TomcatWebServer - Tomcat initialized with port 8081 (http)
2026-07-14 19:25:40.131 INFO  [restartedMain] o.apache.coyote.http11.Http11NioProtocol - Initializing ProtocolHandler ["http-nio-8081"]
2026-07-14 19:25:40.132 INFO  [restartedMain] o.apache.catalina.core.StandardService - Starting service [Tomcat]
2026-07-14 19:25:40.132 INFO  [restartedMain] org.apache.catalina.core.StandardEngine - Starting Servlet engine: [Apache Tomcat/10.1.26]
2026-07-14 19:25:40.154 INFO  [restartedMain] o.a.c.c.C.[Tomcat].[localhost].[/] - Initializing Spring embedded WebApplicationContext
2026-07-14 19:25:40.154 INFO  [restartedMain] o.s.b.w.s.c.ServletWebServerApplicationContext - Root WebApplicationContext: initialization completed in 574 ms
2026-07-14 19:25:40.388 INFO  [restartedMain] o.s.b.d.a.OptionalLiveReloadServer - LiveReload server is running on port 35729
2026-07-14 19:25:40.393 INFO  [restartedMain] o.s.b.a.e.web.EndpointLinksResolver - Exposing 7 endpoints beneath base path '/actuator'
2026-07-14 19:25:40.417 INFO  [restartedMain] o.apache.coyote.http11.Http11NioProtocol - Starting ProtocolHandler ["http-nio-8081"]
2026-07-14 19:25:40.422 INFO  [restartedMain] o.s.b.w.embedded.tomcat.TomcatWebServer - Tomcat started on port 8081 (http) with context path '/'
2026-07-14 19:25:40.429 INFO  [restartedMain] pe.utp.estacionamiento.App - Started App in 0.903 seconds (process running for 116.534)
2026-07-14 19:25:40.431 INFO  [restartedMain] p.u.e.service.EventoSistemaService - ============================================================
2026-07-14 19:25:40.432 INFO  [restartedMain] p.u.e.service.EventoSistemaService - INICIO DEL SISTEMA DE ESTACIONAMIENTO - [2026-07-14 19:25:40]
2026-07-14 19:25:40.432 INFO  [restartedMain] p.u.e.service.EventoSistemaService - Modulo de Monitoreo: ACTIVO
2026-07-14 19:25:40.432 INFO  [restartedMain] p.u.e.service.EventoSistemaService - Actuator: DISPONIBLE en http://localhost:8080/actuator
2026-07-14 19:25:40.432 INFO  [restartedMain] p.u.e.service.EventoSistemaService - Dashboard: DISPONIBLE en http://localhost:8080/monitoring
2026-07-14 19:25:40.433 INFO  [restartedMain] p.u.e.service.EventoSistemaService - ============================================================
2026-07-14 19:25:40.436 INFO  [restartedMain] o.s.b.d.a.ConditionEvaluationDeltaLoggingListener - Condition evaluation unchanged
2026-07-14 19:26:10.093 INFO  [File Watcher] o.s.b.d.a.LocalDevToolsAutoConfiguration$RestartingClassPathChangeChangedEventListener - Restarting due to 12 class path changes (0 additions, 12 deletions, 0 modifications)
2026-07-14 19:26:10.096 INFO  [Thread-7] o.apache.coyote.http11.Http11NioProtocol - Stopping ProtocolHandler ["http-nio-8081"]
2026-07-14 19:26:10.213 INFO  [restartedMain] pe.utp.estacionamiento.App - Starting App using Java 25.0.2 with PID 10948 (C:\Users\DREP\Downloads\ESTACIONAMIENTO_INTELIGENTE-integrado\ESTACIONAMIENTO_INTELIGENTE-main\target\classes started by DREP in C:\Users\DREP\Downloads\ESTACIONAMIENTO_INTELIGENTE-integrado\ESTACIONAMIENTO_INTELIGENTE-main)
2026-07-14 19:26:10.214 INFO  [restartedMain] pe.utp.estacionamiento.App - No active profile set, falling back to 1 default profile: "default"
2026-07-14 19:26:10.644 INFO  [restartedMain] o.s.b.w.embedded.tomcat.TomcatWebServer - Tomcat initialized with port 8081 (http)
2026-07-14 19:26:10.645 INFO  [restartedMain] o.apache.coyote.http11.Http11NioProtocol - Initializing ProtocolHandler ["http-nio-8081"]
2026-07-14 19:26:10.646 INFO  [restartedMain] o.apache.catalina.core.StandardService - Starting service [Tomcat]
2026-07-14 19:26:10.646 INFO  [restartedMain] org.apache.catalina.core.StandardEngine - Starting Servlet engine: [Apache Tomcat/10.1.26]
2026-07-14 19:26:10.667 INFO  [restartedMain] o.a.c.c.C.[Tomcat].[localhost].[/] - Initializing Spring embedded WebApplicationContext
2026-07-14 19:26:10.667 INFO  [restartedMain] o.s.b.w.s.c.ServletWebServerApplicationContext - Root WebApplicationContext: initialization completed in 449 ms
2026-07-14 19:26:10.879 INFO  [restartedMain] o.s.b.d.a.OptionalLiveReloadServer - LiveReload server is running on port 35729
2026-07-14 19:26:10.883 INFO  [restartedMain] o.s.b.a.e.web.EndpointLinksResolver - Exposing 7 endpoints beneath base path '/actuator'
2026-07-14 19:26:10.902 INFO  [restartedMain] o.apache.coyote.http11.Http11NioProtocol - Starting ProtocolHandler ["http-nio-8081"]
2026-07-14 19:26:10.907 INFO  [restartedMain] o.s.b.w.embedded.tomcat.TomcatWebServer - Tomcat started on port 8081 (http) with context path '/'
2026-07-14 19:26:10.913 INFO  [restartedMain] pe.utp.estacionamiento.App - Started App in 0.736 seconds (process running for 147.018)
2026-07-14 19:26:10.915 INFO  [restartedMain] p.u.e.service.EventoSistemaService - ============================================================
2026-07-14 19:26:10.915 INFO  [restartedMain] p.u.e.service.EventoSistemaService - INICIO DEL SISTEMA DE ESTACIONAMIENTO - [2026-07-14 19:26:10]
2026-07-14 19:26:10.915 INFO  [restartedMain] p.u.e.service.EventoSistemaService - Modulo de Monitoreo: ACTIVO
2026-07-14 19:26:10.917 INFO  [restartedMain] p.u.e.service.EventoSistemaService - Actuator: DISPONIBLE en http://localhost:8080/actuator
2026-07-14 19:26:10.917 INFO  [restartedMain] p.u.e.service.EventoSistemaService - Dashboard: DISPONIBLE en http://localhost:8080/monitoring
2026-07-14 19:26:10.918 INFO  [restartedMain] p.u.e.service.EventoSistemaService - ============================================================
2026-07-14 19:26:10.920 INFO  [restartedMain] o.s.b.d.a.ConditionEvaluationDeltaLoggingListener - Condition evaluation unchanged
2026-07-14 19:26:11.935 INFO  [restartedMain] pe.utp.estacionamiento.App - Starting App using Java 25.0.2 with PID 11632 (c:\Users\DREP\Downloads\ESTACIONAMIENTO_INTELIGENTE-integrado\ESTACIONAMIENTO_INTELIGENTE-main\target\classes started by DREP in c:\Users\DREP\Downloads\ESTACIONAMIENTO_INTELIGENTE-integrado\ESTACIONAMIENTO_INTELIGENTE-main)
2026-07-14 19:26:11.937 INFO  [restartedMain] pe.utp.estacionamiento.App - No active profile set, falling back to 1 default profile: "default"
2026-07-14 19:26:11.995 INFO  [restartedMain] o.s.b.d.e.DevToolsPropertyDefaultsPostProcessor - Devtools property defaults active! Set 'spring.devtools.add-properties' to 'false' to disable
2026-07-14 19:26:11.995 INFO  [restartedMain] o.s.b.d.e.DevToolsPropertyDefaultsPostProcessor - For additional web related logging consider setting the 'logging.level.web' property to 'DEBUG'
2026-07-14 19:26:12.291 INFO  [File Watcher] o.s.b.d.a.LocalDevToolsAutoConfiguration$RestartingClassPathChangeChangedEventListener - Restarting due to 12 class path changes (12 additions, 0 deletions, 0 modifications)
2026-07-14 19:26:12.293 INFO  [Thread-11] o.apache.coyote.http11.Http11NioProtocol - Stopping ProtocolHandler ["http-nio-8081"]
2026-07-14 19:26:12.393 INFO  [restartedMain] pe.utp.estacionamiento.App - Starting App using Java 25.0.2 with PID 10948 (C:\Users\DREP\Downloads\ESTACIONAMIENTO_INTELIGENTE-integrado\ESTACIONAMIENTO_INTELIGENTE-main\target\classes started by DREP in C:\Users\DREP\Downloads\ESTACIONAMIENTO_INTELIGENTE-integrado\ESTACIONAMIENTO_INTELIGENTE-main)
2026-07-14 19:26:12.393 INFO  [restartedMain] pe.utp.estacionamiento.App - No active profile set, falling back to 1 default profile: "default"
2026-07-14 19:26:12.907 INFO  [restartedMain] o.s.b.w.embedded.tomcat.TomcatWebServer - Tomcat initialized with port 8081 (http)
2026-07-14 19:26:12.909 INFO  [restartedMain] o.apache.coyote.http11.Http11NioProtocol - Initializing ProtocolHandler ["http-nio-8081"]
2026-07-14 19:26:12.911 INFO  [restartedMain] o.apache.catalina.core.StandardService - Starting service [Tomcat]
2026-07-14 19:26:12.911 INFO  [restartedMain] org.apache.catalina.core.StandardEngine - Starting Servlet engine: [Apache Tomcat/10.1.26]
2026-07-14 19:26:12.956 INFO  [restartedMain] o.a.c.c.C.[Tomcat].[localhost].[/] - Initializing Spring embedded WebApplicationContext
2026-07-14 19:26:12.956 INFO  [restartedMain] o.s.b.w.s.c.ServletWebServerApplicationContext - Root WebApplicationContext: initialization completed in 560 ms
2026-07-14 19:26:13.345 INFO  [restartedMain] o.s.b.d.a.OptionalLiveReloadServer - LiveReload server is running on port 35729
2026-07-14 19:26:13.356 INFO  [restartedMain] o.s.b.a.e.web.EndpointLinksResolver - Exposing 7 endpoints beneath base path '/actuator'
2026-07-14 19:26:13.390 INFO  [restartedMain] o.apache.coyote.http11.Http11NioProtocol - Starting ProtocolHandler ["http-nio-8081"]
2026-07-14 19:26:13.394 INFO  [restartedMain] o.s.b.w.embedded.tomcat.TomcatWebServer - Tomcat started on port 8081 (http) with context path '/'
2026-07-14 19:26:13.406 INFO  [restartedMain] pe.utp.estacionamiento.App - Started App in 1.05 seconds (process running for 149.512)
2026-07-14 19:26:13.408 INFO  [restartedMain] p.u.e.service.EventoSistemaService - ============================================================
2026-07-14 19:26:13.408 INFO  [restartedMain] p.u.e.service.EventoSistemaService - INICIO DEL SISTEMA DE ESTACIONAMIENTO - [2026-07-14 19:26:13]
2026-07-14 19:26:13.410 INFO  [restartedMain] p.u.e.service.EventoSistemaService - Modulo de Monitoreo: ACTIVO
2026-07-14 19:26:13.410 INFO  [restartedMain] p.u.e.service.EventoSistemaService - Actuator: DISPONIBLE en http://localhost:8080/actuator
2026-07-14 19:26:13.410 INFO  [restartedMain] p.u.e.service.EventoSistemaService - Dashboard: DISPONIBLE en http://localhost:8080/monitoring
2026-07-14 19:26:13.410 INFO  [restartedMain] p.u.e.service.EventoSistemaService - ============================================================
2026-07-14 19:26:13.413 INFO  [restartedMain] o.s.b.d.a.ConditionEvaluationDeltaLoggingListener - Condition evaluation unchanged
2026-07-14 19:26:13.945 INFO  [restartedMain] o.s.b.w.embedded.tomcat.TomcatWebServer - Tomcat initialized with port 8081 (http)
2026-07-14 19:26:13.971 INFO  [restartedMain] o.apache.coyote.http11.Http11NioProtocol - Initializing ProtocolHandler ["http-nio-8081"]
2026-07-14 19:26:13.977 INFO  [restartedMain] o.apache.catalina.core.StandardService - Starting service [Tomcat]
2026-07-14 19:26:13.979 INFO  [restartedMain] org.apache.catalina.core.StandardEngine - Starting Servlet engine: [Apache Tomcat/10.1.26]
2026-07-14 19:26:14.060 INFO  [restartedMain] o.a.c.c.C.[Tomcat].[localhost].[/] - Initializing Spring embedded WebApplicationContext
2026-07-14 19:26:14.062 INFO  [restartedMain] o.s.b.w.s.c.ServletWebServerApplicationContext - Root WebApplicationContext: initialization completed in 2065 ms
2026-07-14 19:26:14.990 WARN  [restartedMain] o.s.b.d.a.OptionalLiveReloadServer - Unable to start LiveReload server
2026-07-14 19:26:15.002 INFO  [restartedMain] o.s.b.a.e.web.EndpointLinksResolver - Exposing 7 endpoints beneath base path '/actuator'
2026-07-14 19:26:15.075 INFO  [restartedMain] o.apache.coyote.http11.Http11NioProtocol - Starting ProtocolHandler ["http-nio-8081"]
2026-07-14 19:26:15.084 WARN  [restartedMain] o.s.b.w.s.c.AnnotationConfigServletWebServerApplicationContext - Exception encountered during context initialization - cancelling refresh attempt: org.springframework.context.ApplicationContextException: Failed to start bean 'webServerStartStop'
2026-07-14 19:26:15.108 INFO  [restartedMain] o.s.b.a.l.ConditionEvaluationReportLogger - 

Error starting ApplicationContext. To display the condition evaluation report re-run your application with 'debug' enabled.
2026-07-14 19:26:15.133 ERROR [restartedMain] o.s.b.d.LoggingFailureAnalysisReporter - 

***************************
APPLICATION FAILED TO START
***************************

Description:

Web server failed to start. Port 8081 was already in use.

Action:

Identify and stop the process that's listening on port 8081 or configure this application to listen on another port.

2026-07-14 19:26:29.603 INFO  [restartedMain] pe.utp.estacionamiento.App - Starting App using Java 21.0.10 with PID 11808 (C:\Users\DREP\Downloads\ESTACIONAMIENTO_INTELIGENTE-integrado\ESTACIONAMIENTO_INTELIGENTE-main\target\classes started by DREP in c:\Users\DREP\Downloads\ESTACIONAMIENTO_INTELIGENTE-integrado\ESTACIONAMIENTO_INTELIGENTE-main)
2026-07-14 19:26:29.606 INFO  [restartedMain] pe.utp.estacionamiento.App - No active profile set, falling back to 1 default profile: "default"
2026-07-14 19:26:29.680 INFO  [restartedMain] o.s.b.d.e.DevToolsPropertyDefaultsPostProcessor - Devtools property defaults active! Set 'spring.devtools.add-properties' to 'false' to disable
2026-07-14 19:26:29.681 INFO  [restartedMain] o.s.b.d.e.DevToolsPropertyDefaultsPostProcessor - For additional web related logging consider setting the 'logging.level.web' property to 'DEBUG'
2026-07-14 19:26:31.779 INFO  [restartedMain] o.s.b.w.embedded.tomcat.TomcatWebServer - Tomcat initialized with port 8081 (http)
2026-07-14 19:26:31.795 INFO  [restartedMain] o.apache.coyote.http11.Http11NioProtocol - Initializing ProtocolHandler ["http-nio-8081"]
2026-07-14 19:26:31.800 INFO  [restartedMain] o.apache.catalina.core.StandardService - Starting service [Tomcat]
2026-07-14 19:26:31.801 INFO  [restartedMain] org.apache.catalina.core.StandardEngine - Starting Servlet engine: [Apache Tomcat/10.1.26]
2026-07-14 19:26:31.879 INFO  [restartedMain] o.a.c.c.C.[Tomcat].[localhost].[/] - Initializing Spring embedded WebApplicationContext
2026-07-14 19:26:31.880 INFO  [restartedMain] o.s.b.w.s.c.ServletWebServerApplicationContext - Root WebApplicationContext: initialization completed in 2197 ms
2026-07-14 19:26:33.016 WARN  [restartedMain] o.s.b.d.a.OptionalLiveReloadServer - Unable to start LiveReload server
2026-07-14 19:26:33.030 INFO  [restartedMain] o.s.b.a.e.web.EndpointLinksResolver - Exposing 7 endpoints beneath base path '/actuator'
2026-07-14 19:26:33.111 INFO  [restartedMain] o.apache.coyote.http11.Http11NioProtocol - Starting ProtocolHandler ["http-nio-8081"]
2026-07-14 19:26:33.122 WARN  [restartedMain] o.s.b.w.s.c.AnnotationConfigServletWebServerApplicationContext - Exception encountered during context initialization - cancelling refresh attempt: org.springframework.context.ApplicationContextException: Failed to start bean 'webServerStartStop'
2026-07-14 19:26:33.165 INFO  [restartedMain] o.s.b.a.l.ConditionEvaluationReportLogger - 

Error starting ApplicationContext. To display the condition evaluation report re-run your application with 'debug' enabled.
2026-07-14 19:26:33.205 ERROR [restartedMain] o.s.b.d.LoggingFailureAnalysisReporter - 

***************************
APPLICATION FAILED TO START
***************************

Description:

Web server failed to start. Port 8081 was already in use.

Action:

Identify and stop the process that's listening on port 8081 or configure this application to listen on another port.

2026-07-14 19:28:26.326 INFO  [restartedMain] pe.utp.estacionamiento.App - Starting App using Java 21.0.10 with PID 14896 (C:\Users\DREP\Downloads\ESTACIONAMIENTO_INTELIGENTE-integrado\ESTACIONAMIENTO_INTELIGENTE-main\target\classes started by DREP in c:\Users\DREP\Downloads\ESTACIONAMIENTO_INTELIGENTE-integrado\ESTACIONAMIENTO_INTELIGENTE-main)
2026-07-14 19:28:26.329 INFO  [restartedMain] pe.utp.estacionamiento.App - No active profile set, falling back to 1 default profile: "default"
2026-07-14 19:28:26.409 INFO  [restartedMain] o.s.b.d.e.DevToolsPropertyDefaultsPostProcessor - Devtools property defaults active! Set 'spring.devtools.add-properties' to 'false' to disable
2026-07-14 19:28:26.410 INFO  [restartedMain] o.s.b.d.e.DevToolsPropertyDefaultsPostProcessor - For additional web related logging consider setting the 'logging.level.web' property to 'DEBUG'
2026-07-14 19:28:28.443 INFO  [restartedMain] o.s.b.w.embedded.tomcat.TomcatWebServer - Tomcat initialized with port 8081 (http)
2026-07-14 19:28:28.467 INFO  [restartedMain] o.apache.coyote.http11.Http11NioProtocol - Initializing ProtocolHandler ["http-nio-8081"]
2026-07-14 19:28:28.475 INFO  [restartedMain] o.apache.catalina.core.StandardService - Starting service [Tomcat]
2026-07-14 19:28:28.477 INFO  [restartedMain] org.apache.catalina.core.StandardEngine - Starting Servlet engine: [Apache Tomcat/10.1.26]
2026-07-14 19:28:28.562 INFO  [restartedMain] o.a.c.c.C.[Tomcat].[localhost].[/] - Initializing Spring embedded WebApplicationContext
2026-07-14 19:28:28.563 INFO  [restartedMain] o.s.b.w.s.c.ServletWebServerApplicationContext - Root WebApplicationContext: initialization completed in 2152 ms
2026-07-14 19:28:29.710 INFO  [restartedMain] o.s.b.d.a.OptionalLiveReloadServer - LiveReload server is running on port 35729
2026-07-14 19:28:29.726 INFO  [restartedMain] o.s.b.a.e.web.EndpointLinksResolver - Exposing 7 endpoints beneath base path '/actuator'
2026-07-14 19:28:29.853 INFO  [restartedMain] o.apache.coyote.http11.Http11NioProtocol - Starting ProtocolHandler ["http-nio-8081"]
2026-07-14 19:28:29.923 INFO  [restartedMain] o.s.b.w.embedded.tomcat.TomcatWebServer - Tomcat started on port 8081 (http) with context path '/'
2026-07-14 19:28:29.941 INFO  [restartedMain] pe.utp.estacionamiento.App - Started App in 4.306 seconds (process running for 4.821)
2026-07-14 19:28:30.071 INFO  [restartedMain] p.u.e.service.EventoSistemaService - ============================================================
2026-07-14 19:28:30.071 INFO  [restartedMain] p.u.e.service.EventoSistemaService - INICIO DEL SISTEMA DE ESTACIONAMIENTO - [2026-07-14 19:28:30]
2026-07-14 19:28:30.078 INFO  [restartedMain] p.u.e.service.EventoSistemaService - Modulo de Monitoreo: ACTIVO
2026-07-14 19:28:30.078 INFO  [restartedMain] p.u.e.service.EventoSistemaService - Actuator: DISPONIBLE en http://localhost:8080/actuator
2026-07-14 19:28:30.079 INFO  [restartedMain] p.u.e.service.EventoSistemaService - Dashboard: DISPONIBLE en http://localhost:8080/monitoring
2026-07-14 19:28:30.079 INFO  [restartedMain] p.u.e.service.EventoSistemaService - ============================================================
2026-07-14 19:28:59.841 INFO  [http-nio-8081-exec-1] o.a.c.c.C.[Tomcat].[localhost].[/] - Initializing Spring DispatcherServlet 'dispatcherServlet'
2026-07-14 19:28:59.842 INFO  [http-nio-8081-exec-1] o.s.web.servlet.DispatcherServlet - Initializing Servlet 'dispatcherServlet'
2026-07-14 19:28:59.849 INFO  [http-nio-8081-exec-1] o.s.web.servlet.DispatcherServlet - Completed initialization in 6 ms
2026-07-14 19:28:59.999 INFO  [http-nio-8081-exec-1] p.u.e.service.EventoSistemaService - [ADMIN-PANEL] Accion de administrador - accion: consulta_dashboard_monitoreo - timestamp: 2026-07-14 19:28:59
2026-07-14 19:29:00.027 INFO  [http-nio-8081-exec-1] com.zaxxer.hikari.HikariDataSource - HikariPool-1 - Starting...
2026-07-14 19:29:03.766 INFO  [http-nio-8081-exec-1] com.zaxxer.hikari.HikariDataSource - HikariPool-1 - Starting...
2026-07-14 19:29:04.787 INFO  [http-nio-8081-exec-1] com.zaxxer.hikari.HikariDataSource - HikariPool-1 - Starting...
2026-07-14 19:29:05.799 INFO  [http-nio-8081-exec-1] com.zaxxer.hikari.HikariDataSource - HikariPool-1 - Starting...
2026-07-14 19:29:06.825 INFO  [http-nio-8081-exec-1] com.zaxxer.hikari.HikariDataSource - HikariPool-1 - Starting...
2026-07-14 19:29:08.832 INFO  [http-nio-8081-exec-1] p.u.e.config.RequestLoggingFilter - Solicitud atendida metodo=GET path=/monitoring status=200 tiempoMs=8935
2026-07-14 19:29:12.215 WARN  [http-nio-8081-exec-2] p.u.e.config.RequestLoggingFilter - Solicitud advertencia metodo=GET path=/favicon.ico status=404 tiempoMs=33
